locus_tag,gene,sw_score,intact_hit,upstream_position,matched_bases,n_WWWW_in_sequence
IUJ38_RS00010,murJ,4.0,1,61,TTAT,5
IUJ38_RS00030,flgB,4.0,1,95,AATA,18
IUJ38_RS00035,flgC,4.0,1,89,ATAA,6
IUJ38_RS00040,flgD,4.0,1,75,AAAT,12
IUJ38_RS00045,flgE,4.0,1,37,AAAT,5
IUJ38_RS00050,,4.0,1,65,AAAA,3
IUJ38_RS00055,flgG,4.0,1,92,TTTT,8
IUJ38_RS00060,flgH,4.0,1,18,ATTT,2
IUJ38_RS00065,,4.0,1,94,AATA,15
IUJ38_RS00070,flgJ,4.0,1,56,ATTT,3
IUJ38_RS00075,flgK,4.0,1,100,AAAA,13
IUJ38_RS00080,flgL,4.0,1,96,TTAT,11
IUJ38_RS00090,rluC,4.0,1,100,AAAA,12
IUJ38_RS00095,,4.0,1,100,TTTT,12
IUJ38_RS00100,,4.0,1,83,AATA,8
IUJ38_RS00110,yceD,4.0,1,76,AATT,13
IUJ38_RS00115,rpmF,4.0,1,98,AAAA,12
IUJ38_RS00120,plsX,4.0,1,87,TAAA,5
IUJ38_RS00125,fabH,4.0,1,83,ATAA,10
IUJ38_RS00130,fabD,4.0,1,94,AATT,11
IUJ38_RS00135,fabG,4.0,1,82,TATT,6
IUJ38_RS00140,acpP,4.0,1,79,ATTT,19
IUJ38_RS00145,fabF,4.0,1,50,TTTT,7
IUJ38_RS00150,pabC,4.0,1,100,TAAA,12
IUJ38_RS00155,yceG,4.0,1,100,TAAT,14
IUJ38_RS00160,tmk,4.0,1,100,TATT,13
IUJ38_RS00165,holB,3.0,0,,,0
IUJ38_RS00170,,4.0,1,100,TTAA,6
IUJ38_RS00175,ptsG,4.0,1,100,ATAA,7
IUJ38_RS00185,hinT,4.0,1,66,TATA,7
IUJ38_RS00190,,4.0,1,73,TTTA,6
IUJ38_RS00195,lpoB,4.0,1,72,TATT,15
IUJ38_RS00200,thiK,4.0,1,93,TTTA,8
IUJ38_RS00205,nagZ,4.0,1,93,AATA,6
IUJ38_RS00210,ycfP,4.0,1,90,AAAA,6
IUJ38_RS00215,ndh,4.0,1,100,ATAT,32
IUJ38_RS00220,,4.0,1,99,TTTA,8
IUJ38_RS00230,bhsA,4.0,1,100,AAAA,9
IUJ38_RS00245,lolC,4.0,1,94,AATA,9
IUJ38_RS00250,lolD,4.0,1,93,TTAT,4
IUJ38_RS00255,lolE,4.0,1,88,ATTT,1
IUJ38_RS00260,nagK,4.0,1,45,TATT,9
IUJ38_RS00265,cobB,4.0,1,40,TTTT,9
IUJ38_RS00295,pepT,4.0,1,95,AAAT,21
IUJ38_RS00300,,4.0,1,94,TAAA,3
IUJ38_RS00350,icd,4.0,1,100,TTAA,6
IUJ38_RS00355,sopF,4.0,1,71,AAAT,16
IUJ38_RS00385,pagC,4.0,1,97,TTTT,15
IUJ38_RS00400,,4.0,1,41,AATA,7
IUJ38_RS00405,,4.0,1,100,TTAT,10
IUJ38_RS00410,,4.0,1,87,TTTT,16
IUJ38_RS00425,,4.0,1,93,TTTT,15
IUJ38_RS00430,,4.0,1,87,TATT,5
IUJ38_RS00435,,4.0,1,87,TTTT,11
IUJ38_RS00440,,4.0,1,88,TATT,5
IUJ38_RS00445,,4.0,1,68,TTAA,10
IUJ38_RS00455,,4.0,1,99,TTTT,16
IUJ38_RS00465,zinT,4.0,1,100,AAAA,15
IUJ38_RS00470,aadA,4.0,1,94,TTAA,22
IUJ38_RS00475,,4.0,1,92,TTAA,7
IUJ38_RS00480,,4.0,1,91,TAAA,10
IUJ38_RS00495,,4.0,1,99,TTTA,30
IUJ38_RS00500,leuE,4.0,1,25,TAAA,5
IUJ38_RS00505,yeaR,4.0,1,94,AATA,19
IUJ38_RS00510,,4.0,1,89,TATT,13
IUJ38_RS00515,,4.0,1,96,ATTA,23
IUJ38_RS00520,,4.0,1,99,TAAA,15
IUJ38_RS00530,,4.0,1,99,TTAA,13
IUJ38_RS00535,,4.0,1,77,AAAA,9
IUJ38_RS00550,,4.0,1,98,TTTT,18
IUJ38_RS00560,yoaI,4.0,1,86,AAAA,9
IUJ38_RS00575,,4.0,1,93,ATTT,23
IUJ38_RS00590,,4.0,1,94,ATAT,17
IUJ38_RS00595,,4.0,1,90,AATT,10
IUJ38_RS00600,,4.0,1,92,AAAA,7
IUJ38_RS00615,msrB,4.0,1,87,TTTA,8
IUJ38_RS00620,,4.0,1,100,TTAA,12
IUJ38_RS00640,,4.0,1,55,AAAA,15
IUJ38_RS00645,selD,4.0,1,75,TAAT,2
IUJ38_RS00650,topB,4.0,1,99,TTAA,5
IUJ38_RS00660,,4.0,1,90,ATAA,19
IUJ38_RS00675,astC,4.0,1,100,TTAA,26
IUJ38_RS00680,astA,4.0,1,96,TTTT,5
IUJ38_RS00685,astD,4.0,1,59,AAAT,2
IUJ38_RS00690,astB,4.0,1,97,ATTA,6
IUJ38_RS00695,astE,4.0,1,94,TTAT,9
IUJ38_RS00700,spy,4.0,1,97,TTAT,21
IUJ38_RS00715,osmE,4.0,1,97,AATT,12
IUJ38_RS00720,chbB,4.0,1,100,AAAA,8
IUJ38_RS00725,chbC,4.0,1,88,AATT,38
IUJ38_RS00730,chbA,4.0,1,76,ATAT,4
IUJ38_RS00735,chbR,4.0,1,81,ATTT,4
IUJ38_RS00740,,4.0,1,99,ATTT,11
IUJ38_RS00745,chbG,4.0,1,71,AAAA,9
IUJ38_RS00755,cedA,4.0,1,83,ATTT,12
IUJ38_RS00775,,4.0,1,84,TATA,8
IUJ38_RS00795,,4.0,1,99,TTAT,13
IUJ38_RS00805,,4.0,1,97,TAAT,16
IUJ38_RS00810,,4.0,1,93,TTTA,29
IUJ38_RS00815,,4.0,1,91,TTTT,10
IUJ38_RS00825,thrS,4.0,1,66,AATA,13
IUJ38_RS00830,infC,4.0,1,94,TAAA,6
IUJ38_RS00835,rpmI,4.0,1,81,AATT,11
IUJ38_RS00840,rplT,4.0,1,96,TAAA,16
IUJ38_RS00845,pheM,4.0,1,88,TTTT,16
IUJ38_RS00850,pheS,4.0,1,93,AAAA,10
IUJ38_RS00855,pheT,4.0,1,50,AAAA,13
IUJ38_RS00860,ihfA,4.0,1,55,AAAT,5
IUJ38_RS00865,btuC,4.0,1,94,TATA,14
IUJ38_RS00870,,4.0,1,83,TAAA,5
IUJ38_RS00875,btuD,4.0,1,69,TTTT,12
IUJ38_RS00880,,4.0,1,91,ATTT,23
IUJ38_RS00885,ydiV,4.0,1,96,AAAA,6
IUJ38_RS00890,selO,4.0,1,82,ATTA,8
IUJ38_RS00910,ppsA,4.0,1,86,TTTT,16
IUJ38_RS00940,,4.0,1,96,AATA,20
IUJ38_RS00990,ydiJ,4.0,1,91,ATTA,6
IUJ38_RS00995,menI,4.0,1,81,TTAT,8
IUJ38_RS01000,,4.0,1,88,ATAA,14
IUJ38_RS01010,sufA,4.0,1,97,ATTT,11
IUJ38_RS01015,sufB,4.0,1,100,ATTA,13
IUJ38_RS01020,sufC,4.0,1,96,TTTT,8
IUJ38_RS01025,sufD,4.0,1,81,ATTA,5
IUJ38_RS01030,sufS,4.0,1,100,TTTA,4
IUJ38_RS01035,sufE,4.0,1,81,TATA,8
IUJ38_RS01040,ldtE,4.0,1,98,TTTA,9
IUJ38_RS01095,ttrS,4.0,1,100,TTTA,14
IUJ38_RS01100,ttrR,4.0,1,87,ATAT,4
IUJ38_RS01105,fumD,4.0,1,98,AATA,24
IUJ38_RS01130,spiC,4.0,1,90,ATAT,14
IUJ38_RS01135,spiA,4.0,1,96,TTAT,26
IUJ38_RS01140,ssaD,4.0,1,93,ATAT,14
IUJ38_RS01145,ssaE,4.0,1,87,AAAT,14
IUJ38_RS01150,sseA,4.0,1,78,AAAA,14
IUJ38_RS01155,sseB,4.0,1,100,AATA,11
IUJ38_RS01160,sscA,4.0,1,100,AAAA,10
IUJ38_RS01165,sseC,4.0,1,100,TAAA,8
IUJ38_RS01170,sseD,4.0,1,77,TATT,11
IUJ38_RS01175,sseE,4.0,1,100,TTAT,11
IUJ38_RS01180,sscB,4.0,1,89,TTTT,19
IUJ38_RS01185,sseF,4.0,1,85,TTAT,13
IUJ38_RS01190,sseG,4.0,1,89,TTAT,6
IUJ38_RS01195,ssaG,4.0,1,96,TAAT,20
IUJ38_RS01200,,4.0,1,85,ATTA,18
IUJ38_RS01205,ssaI,4.0,1,95,AAAA,21
IUJ38_RS01210,ssaJ,4.0,1,94,AAAT,15
IUJ38_RS01215,,4.0,1,89,TTAT,10
IUJ38_RS01220,ssaK,4.0,1,94,TTTT,13
IUJ38_RS01225,ssaL,4.0,1,59,ATAT,6
IUJ38_RS01230,ssaM,4.0,1,83,TAAA,16
IUJ38_RS01235,ssaV,4.0,1,36,ATTA,9
IUJ38_RS01240,ssaN,4.0,1,85,ATTT,7
IUJ38_RS01245,ssaO,4.0,1,91,ATAT,15
IUJ38_RS01250,ssaP,4.0,1,63,AATT,20
IUJ38_RS01255,ssaQ,4.0,1,87,AAAT,15
IUJ38_RS01260,ssaR,4.0,1,82,AAAA,20
IUJ38_RS01265,ssas,4.0,1,83,ATTT,14
IUJ38_RS01270,ssaT,4.0,1,97,AATT,12
IUJ38_RS01275,ssaU,4.0,1,72,TTAT,19
IUJ38_RS01295,,4.0,1,97,AAAA,16
IUJ38_RS01310,punR,4.0,1,97,TTAT,19
IUJ38_RS01320,,4.0,1,100,AAAA,25
IUJ38_RS01335,grxD,4.0,1,100,TAAA,18
IUJ38_RS01360,,4.0,1,93,TATA,5
IUJ38_RS01365,,4.0,1,99,AAAT,12
IUJ38_RS01370,sodC2,4.0,1,95,TTAT,6
IUJ38_RS01390,slyA,4.0,1,100,TATT,25
IUJ38_RS01400,anmK,4.0,1,100,ATAT,15
IUJ38_RS01405,mliC,4.0,1,91,TTAA,8
IUJ38_RS01410,pdxH,4.0,1,93,TTAA,13
IUJ38_RS01415,tyrS,4.0,1,80,TTTT,10
IUJ38_RS01420,pdxY,4.0,1,92,AAAA,19
IUJ38_RS01485,,4.0,1,94,TTAA,9
IUJ38_RS01515,fumB,4.0,1,100,TTTT,10
IUJ38_RS01520,fumC,4.0,1,80,TTAT,5
IUJ38_RS01550,,4.0,1,83,TTTT,11
IUJ38_RS01570,pntA,4.0,1,100,TATT,9
IUJ38_RS01575,pntB,4.0,1,97,TTTA,15
IUJ38_RS24255,,4.0,1,73,TTAA,17
IUJ38_RS01585,mdtJ,4.0,1,67,ATTT,13
IUJ38_RS01590,mdtI,4.0,1,54,TATT,3
IUJ38_RS01605,,4.0,1,86,ATAA,14
IUJ38_RS01615,,4.0,1,79,TATA,28
IUJ38_RS01620,mlc,4.0,1,98,TTAA,14
IUJ38_RS01625,bioD,4.0,1,70,ATAT,14
IUJ38_RS01685,,4.0,1,92,ATTA,21
IUJ38_RS01700,,4.0,1,90,TTAT,12
IUJ38_RS01705,rspA,4.0,1,100,TTTT,17
IUJ38_RS01710,,4.0,1,93,AAAA,8
IUJ38_RS01720,,4.0,1,85,TTTT,16
IUJ38_RS01740,dcp,4.0,1,89,TTTA,9
IUJ38_RS01745,,4.0,1,100,ATTT,17
IUJ38_RS01755,,4.0,1,99,ATTT,30
IUJ38_RS01770,eamA,4.0,1,79,TAAA,21
IUJ38_RS01790,,4.0,1,92,ATAT,11
IUJ38_RS01805,sad,4.0,1,100,TTTT,16
IUJ38_RS01810,glsB,4.0,1,75,TAAT,3
IUJ38_RS01815,,4.0,1,34,AATT,4
IUJ38_RS01820,,4.0,1,37,TTTA,7
IUJ38_RS01830,ompC,4.0,1,94,TTAA,17
IUJ38_RS01880,,4.0,1,92,TAAA,28
IUJ38_RS01885,,4.0,1,96,TTTA,9
IUJ38_RS01915,,4.0,1,34,ATAT,5
IUJ38_RS01920,,4.0,1,100,ATTT,20
IUJ38_RS01945,,4.0,1,83,ATTA,9
IUJ38_RS01950,,4.0,1,96,TATA,25
IUJ38_RS01965,,4.0,1,100,TTTA,17
IUJ38_RS01970,nhaC,4.0,1,90,TAAT,2
IUJ38_RS01975,,4.0,1,97,ATTA,17
IUJ38_RS02010,bdm,4.0,1,97,TAAT,26
IUJ38_RS02015,sra,4.0,1,97,TAAA,8
IUJ38_RS02020,,4.0,1,90,TTTA,13
IUJ38_RS02025,adhP,4.0,1,97,ATAA,21
IUJ38_RS02045,yddG,4.0,1,88,TAAA,15
IUJ38_RS02050,ompD,4.0,1,99,TTAT,24
IUJ38_RS02055,,4.0,1,99,TTTT,6
IUJ38_RS02065,,4.0,1,97,AAAT,8
IUJ38_RS02070,,4.0,1,100,AATA,19
IUJ38_RS02075,,4.0,1,96,AATA,13
IUJ38_RS02080,narH,4.0,1,79,AATT,7
IUJ38_RS02085,narW,4.0,1,77,AAAT,8
IUJ38_RS02090,narI,4.0,1,67,ATTA,3
IUJ38_RS02095,,4.0,1,70,AAAA,2
IUJ38_RS02110,ansP,4.0,1,95,AAAA,8
IUJ38_RS02125,pqqU,4.0,1,97,TTAA,22
IUJ38_RS02140,mddA,4.0,1,88,TAAA,14
IUJ38_RS02145,,4.0,1,94,AAAT,8
IUJ38_RS02155,srfA,4.0,1,100,TAAT,8
IUJ38_RS02160,,4.0,1,95,TAAA,10
IUJ38_RS02165,srfC,4.0,1,78,ATTA,8
IUJ38_RS02175,yncL,4.0,1,78,AATA,9
IUJ38_RS02205,sifB,4.0,1,64,ATAA,13
IUJ38_RS02210,,4.0,1,97,TTAT,16
IUJ38_RS02225,,4.0,1,98,TTAT,8
IUJ38_RS02245,ydcK,4.0,1,100,TAAT,24
IUJ38_RS02255,,4.0,1,100,TATT,14
IUJ38_RS02260,sgcB,4.0,1,81,TTTA,1
IUJ38_RS02265,sgcC,4.0,1,47,ATTA,9
IUJ38_RS02270,sgcQ,4.0,1,78,TTAT,5
IUJ38_RS02275,sgcA,4.0,1,92,ATAA,2
IUJ38_RS02280,,4.0,1,54,AAAT,5
IUJ38_RS02285,,4.0,1,69,TTAT,7
IUJ38_RS02290,aac(6'),4.0,1,57,TTAT,1
IUJ38_RS02320,,4.0,1,93,AAAT,22
IUJ38_RS02340,steB,4.0,1,91,AAAA,28
IUJ38_RS02350,sseJ,4.0,1,96,TAAT,30
IUJ38_RS02360,,4.0,1,98,AATA,19
IUJ38_RS02365,,4.0,1,77,ATTT,12
IUJ38_RS02370,,4.0,1,98,TATT,31
IUJ38_RS02375,,4.0,1,97,TTAA,13
IUJ38_RS02380,,4.0,1,100,ATTA,23
IUJ38_RS02385,,4.0,1,100,TTTA,24
IUJ38_RS02405,azoR,4.0,1,90,ATAT,13
IUJ38_RS02430,ldhA,4.0,1,100,AAAA,31
IUJ38_RS02435,hslJ,4.0,1,81,ATTT,10
IUJ38_RS02445,,4.0,1,51,AATT,1
IUJ38_RS02450,nifJ,4.0,1,100,AAAA,15
IUJ38_RS02455,uspF,4.0,1,78,TAAA,11
IUJ38_RS02470,ttcA,4.0,1,60,TTAT,9
IUJ38_RS02495,ogt,4.0,1,94,TTAT,8
IUJ38_RS02500,fnr,4.0,1,99,TTAT,18
IUJ38_RS02505,uspE,4.0,1,98,ATTT,8
IUJ38_RS02515,,4.0,1,97,TTTT,15
IUJ38_RS02525,,4.0,1,100,ATTT,18
IUJ38_RS02555,,4.0,1,93,TTTT,22
IUJ38_RS02560,,4.0,1,96,ATTT,20
IUJ38_RS02575,bdcA,4.0,1,89,TTTT,11
IUJ38_RS02590,,4.0,1,97,ATTT,5
IUJ38_RS02600,mpaA,4.0,1,83,TAAA,9
IUJ38_RS02610,tpx,4.0,1,78,AAAT,21
IUJ38_RS02655,pspF,4.0,1,97,TTTT,19
IUJ38_RS02660,sapA,4.0,1,98,TAAT,15
IUJ38_RS02665,sapB,4.0,1,85,ATAT,12
IUJ38_RS02670,sapC,4.0,1,69,TTAT,8
IUJ38_RS02675,sapD,4.0,1,94,TTAT,9
IUJ38_RS02680,sapF,4.0,1,79,ATTA,10
IUJ38_RS02695,,4.0,1,99,ATAT,23
IUJ38_RS02700,,4.0,1,100,ATTT,29
IUJ38_RS02705,fabI,4.0,1,97,ATAT,27
IUJ38_RS02710,,4.0,1,66,ATAA,7
IUJ38_RS02715,,4.0,1,94,TATT,10
IUJ38_RS02720,pdeR,4.0,1,100,AATA,20
IUJ38_RS02725,,4.0,1,75,TATT,14
IUJ38_RS02730,,4.0,1,94,AAAT,16
IUJ38_RS02735,osmB,4.0,1,88,TTTT,23
IUJ38_RS02765,ribA,4.0,1,92,ATTA,9
IUJ38_RS02800,,4.0,1,81,AAAT,13
IUJ38_RS02810,,4.0,1,93,AAAA,10
IUJ38_RS02815,cobO,4.0,1,100,ATAT,9
IUJ38_RS02835,trpL,4.0,1,95,ATAA,12
IUJ38_RS02840,,4.0,1,70,TAAT,14
IUJ38_RS02845,trpD,4.0,1,63,TAAT,5
IUJ38_RS02850,trpCF,4.0,1,40,ATAT,4
IUJ38_RS02855,trpB,4.0,1,95,ATTT,15
IUJ38_RS02860,trpA,4.0,1,94,AAAA,7
IUJ38_RS02865,,4.0,1,94,AATT,24
IUJ38_RS02870,,4.0,1,100,ATAA,21
IUJ38_RS02875,,4.0,1,100,AAAA,28
IUJ38_RS02880,,4.0,1,96,TTAT,21
IUJ38_RS02890,,4.0,1,77,TTAA,11
IUJ38_RS02895,,4.0,1,96,ATAT,9
IUJ38_RS02900,,4.0,1,97,TTAT,8
IUJ38_RS02905,yciA,4.0,1,75,TTTA,15
IUJ38_RS02915,,4.0,1,100,AAAA,15
IUJ38_RS02925,cls,4.0,1,80,TTTT,20
IUJ38_RS02930,,4.0,1,98,TAAA,11
IUJ38_RS02970,adhE,4.0,1,97,AATT,17
IUJ38_RS02980,hns,4.0,1,100,TAAT,20
IUJ38_RS03000,,4.0,1,56,TTAA,14
IUJ38_RS03005,purU,4.0,1,80,AAAA,14
IUJ38_RS03075,narX,4.0,1,100,TATA,9
IUJ38_RS03080,narL,4.0,1,44,TTTT,4
IUJ38_RS03090,,4.0,1,86,ATTT,11
IUJ38_RS03100,chaA,4.0,1,99,TAAA,29
IUJ38_RS03135,lolB,4.0,1,91,TTTT,9
IUJ38_RS03140,ispE,4.0,1,86,AAAA,8
IUJ38_RS03145,prs,4.0,1,91,TTTA,7
IUJ38_RS03150,dauA,4.0,1,92,TTTT,11
IUJ38_RS03160,pth,4.0,1,98,AATT,17
IUJ38_RS03165,ychF,4.0,1,100,TTTT,25
IUJ38_RS03175,hyaA,4.0,1,91,ATTT,11
IUJ38_RS03180,hyaB,4.0,1,63,TAAA,3
IUJ38_RS03185,hyaC,4.0,1,15,TTAA,2
IUJ38_RS03190,hyaD,4.0,1,86,ATTA,6
IUJ38_RS03195,hyaE,4.0,1,76,TATA,10
IUJ38_RS03200,,3.0,0,,,0
IUJ38_RS03205,appC,4.0,1,38,ATTA,4
IUJ38_RS03210,appB,4.0,1,100,TAAT,3
IUJ38_RS03215,cbdX,4.0,1,93,TATA,9
IUJ38_RS03220,,4.0,1,100,TAAT,27
IUJ38_RS03225,,4.0,1,98,AAAA,7
IUJ38_RS03235,ycgR,4.0,1,98,ATTT,23
IUJ38_RS03245,ldcA,4.0,1,53,TAAT,11
IUJ38_RS03265,,4.0,1,97,AAAA,7
IUJ38_RS03275,nhaB,4.0,1,97,AATA,20
IUJ38_RS03280,dsbB,4.0,1,98,ATAA,20
IUJ38_RS03285,,4.0,1,86,TTTT,21
IUJ38_RS03315,minC,4.0,1,88,AATA,16
IUJ38_RS03320,minD,4.0,1,91,AATT,15
IUJ38_RS03325,minE,4.0,1,7,ATAA,4
IUJ38_RS03355,,4.0,1,27,AAAT,5
IUJ38_RS03365,pabB,4.0,1,95,TAAA,12
IUJ38_RS03370,,4.0,1,59,AATA,9
IUJ38_RS03375,sdaA,4.0,1,93,AATA,8
IUJ38_RS03380,,4.0,1,95,AAAT,10
IUJ38_RS03390,manX,4.0,1,52,AAAA,11
IUJ38_RS03395,manY,4.0,1,88,AAAA,18
IUJ38_RS03400,,4.0,1,84,AAAT,5
IUJ38_RS03405,,4.0,1,23,TTTT,8
IUJ38_RS03410,mntP,4.0,1,80,TATT,5
IUJ38_RS03445,yobH,4.0,1,84,ATTA,14
IUJ38_RS03455,,4.0,1,77,AAAT,19
IUJ38_RS03480,yebS,4.0,1,90,TATT,20
IUJ38_RS03485,,4.0,1,98,TTTT,12
IUJ38_RS03490,rsmF,4.0,1,81,TTAA,9
IUJ38_RS03495,,4.0,1,95,TTTT,12
IUJ38_RS03500,,4.0,1,83,TTAT,10
IUJ38_RS03520,,4.0,1,97,ATTA,22
IUJ38_RS03525,,4.0,1,95,TAAT,13
IUJ38_RS03535,,4.0,1,81,ATAT,3
IUJ38_RS03540,,4.0,1,58,AAAA,10
IUJ38_RS03555,,4.0,1,94,AAAT,35
IUJ38_RS03560,,4.0,1,83,TAAT,19
IUJ38_RS03565,,4.0,1,77,TTTT,13
IUJ38_RS24285,,4.0,1,75,TAAT,4
IUJ38_RS03585,pagK,4.0,1,100,TTAT,20
IUJ38_RS03605,,4.0,1,89,ATAT,14
IUJ38_RS03610,,4.0,1,100,TTAA,28
IUJ38_RS03650,,4.0,1,100,AATA,7
IUJ38_RS03655,,4.0,1,100,ATAA,10
IUJ38_RS03660,exoX,4.0,1,85,TATT,4
IUJ38_RS03685,purT,4.0,1,95,TATA,19
IUJ38_RS03705,,4.0,1,99,ATTT,10
IUJ38_RS03710,pyk,4.0,1,79,ATTT,10
IUJ38_RS03730,znuC,4.0,1,94,TATT,21
IUJ38_RS03735,znuB,4.0,1,82,AATT,11
IUJ38_RS03750,,4.0,1,94,AAAT,16
IUJ38_RS03755,,4.0,1,100,ATTT,39
IUJ38_RS03780,,4.0,1,86,AAAA,22
IUJ38_RS03785,,4.0,1,55,ATAT,11
IUJ38_RS03790,,4.0,1,99,AAAT,10
IUJ38_RS03795,cmoA,4.0,1,76,TATA,14
IUJ38_RS03800,cmoB,4.0,1,100,ATAA,10
IUJ38_RS03815,argS,4.0,1,77,ATTT,10
IUJ38_RS03820,mrdA,4.0,1,87,ATTT,5
IUJ38_RS03900,,4.0,1,99,ATTT,21
IUJ38_RS03905,uspC,4.0,1,89,ATTA,11
IUJ38_RS03930,,4.0,1,94,TATT,10
IUJ38_RS03940,,4.0,1,92,TTTA,7
IUJ38_RS03945,ftnA,4.0,1,100,AATA,42
IUJ38_RS03955,tyrP,4.0,1,76,ATTT,6
IUJ38_RS04010,,4.0,1,100,AATT,22
IUJ38_RS04015,,4.0,1,100,AAAA,18
IUJ38_RS04070,fliD,4.0,1,100,ATTA,21
IUJ38_RS04075,fliS,4.0,1,68,AATA,9
IUJ38_RS04080,fliT,4.0,1,59,AATA,4
IUJ38_RS04085,amyA,4.0,1,75,ATAA,11
IUJ38_RS04095,yedE,4.0,1,91,TATT,8
IUJ38_RS04100,yedF,4.0,1,83,TTAT,11
IUJ38_RS04105,,4.0,1,96,TTAT,34
IUJ38_RS04115,fliF,4.0,1,99,AAAT,11
IUJ38_RS04120,fliG,4.0,1,71,TATT,2
IUJ38_RS04125,fliH,4.0,1,84,AAAA,4
IUJ38_RS04130,fliI,4.0,1,90,TAAA,1
IUJ38_RS04135,fliJ,4.0,1,100,TTTA,13
IUJ38_RS04140,fliK,4.0,1,64,AAAA,5
IUJ38_RS04145,fliL,4.0,1,88,ATTA,7
IUJ38_RS04150,fliM,4.0,1,94,ATTA,11
IUJ38_RS04155,fliN,4.0,1,88,AATA,8
IUJ38_RS04160,fliO,4.0,1,67,ATAA,10
IUJ38_RS04165,fliP,4.0,1,49,ATTT,1
IUJ38_RS04170,fliQ,4.0,1,87,TTTA,6
IUJ38_RS04175,fliR,4.0,1,96,AATT,12
IUJ38_RS04180,rcsA,4.0,1,76,TATT,8
IUJ38_RS04190,yodD,4.0,1,93,AATT,5
IUJ38_RS04195,,4.0,1,54,TTTA,9
IUJ38_RS04215,yedA,4.0,1,91,TTTT,30
IUJ38_RS04240,ompS1,4.0,1,100,TATT,29
IUJ38_RS04275,mtfA,4.0,1,87,TATA,17
IUJ38_RS04295,,4.0,1,87,ATAA,11
IUJ38_RS04310,,4.0,1,83,AATA,4
IUJ38_RS04315,,4.0,1,86,TTAA,11
IUJ38_RS04325,,4.0,1,66,ATTT,9
IUJ38_RS04335,,4.0,1,57,TTTA,10
IUJ38_RS04480,pduA,4.0,1,93,ATTA,9
IUJ38_RS04485,pduB,4.0,1,28,AAAA,6
IUJ38_RS04490,pduC,4.0,1,86,AAAT,4
IUJ38_RS04495,pduD,4.0,1,86,TTAT,8
IUJ38_RS04500,pduE,4.0,1,86,ATTT,12
IUJ38_RS04505,pduG,4.0,1,94,TTAT,9
IUJ38_RS04510,pduH,4.0,1,77,AAAT,5
IUJ38_RS04515,pduJ,4.0,1,73,TAAT,5
IUJ38_RS04520,pduK,4.0,1,69,AAAT,7
IUJ38_RS04525,,4.0,1,69,AAAA,2
IUJ38_RS04530,pduM,4.0,1,79,AAAT,2
IUJ38_RS04535,pduN,4.0,1,75,AAAT,13
IUJ38_RS04540,pduO,4.0,1,77,TTTT,5
IUJ38_RS04545,pduP,4.0,1,98,ATAT,9
IUJ38_RS04550,pduQ,4.0,1,63,TTTT,3
IUJ38_RS04555,pduS,3.0,0,,,0
IUJ38_RS04560,pduT,4.0,1,6,TTAA,1
IUJ38_RS04565,pduU,4.0,1,61,TTTA,1
IUJ38_RS04570,pduV,4.0,1,45,AAAT,2
IUJ38_RS04575,pduW,4.0,1,74,ATTT,12
IUJ38_RS04580,pduX,4.0,1,88,TTAT,10
IUJ38_RS04625,sopA,4.0,1,98,AATT,16
IUJ38_RS04635,sbcB,4.0,1,100,ATTA,26
IUJ38_RS04660,hisL,4.0,1,93,TATA,23
IUJ38_RS04665,hisG,4.0,1,55,TTTT,8
IUJ38_RS04670,hisD,4.0,1,79,TTAT,8
IUJ38_RS04675,hisC,4.0,1,46,ATAA,6
IUJ38_RS04680,hisB,4.0,1,95,AATA,7
IUJ38_RS04685,hisH,4.0,1,80,TTTA,5
IUJ38_RS04690,hisA,4.0,1,82,ATAA,6
IUJ38_RS04695,hisF,4.0,1,100,ATAT,8
IUJ38_RS04700,hisIE,4.0,1,73,TTTT,11
IUJ38_RS04905,,4.0,1,91,ATAA,16
IUJ38_RS04925,,4.0,1,94,TATA,12
IUJ38_RS04935,yegD,4.0,1,97,TAAT,9
IUJ38_RS04945,mdtA,4.0,1,89,ATAA,10
IUJ38_RS04950,mdtB,4.0,1,87,AAAA,6
IUJ38_RS04955,mdtC,4.0,1,98,TATT,10
IUJ38_RS04960,,4.0,1,83,TATA,10
IUJ38_RS04965,baeS,4.0,1,91,TTAT,14
IUJ38_RS04970,baeR,4.0,1,91,ATAA,5
IUJ38_RS04975,,4.0,1,100,ATAT,35
IUJ38_RS04980,,4.0,1,86,AAAA,5
IUJ38_RS04985,,4.0,1,84,ATTA,12
IUJ38_RS04990,yegQ,4.0,1,73,TTAA,4
IUJ38_RS04995,sseK2,4.0,1,94,AATT,32
IUJ38_RS05010,yegS,4.0,1,90,ATTT,12
IUJ38_RS05020,,4.0,1,83,AAAA,22
IUJ38_RS05025,,4.0,1,83,TTTA,8
IUJ38_RS05030,,4.0,1,100,TTAA,8
IUJ38_RS05050,rcnB,4.0,1,100,AAAA,10
IUJ38_RS05085,metG,4.0,1,100,ATTA,20
IUJ38_RS05090,,4.0,1,97,ATAT,35
IUJ38_RS05095,,4.0,1,97,AATT,11
IUJ38_RS05115,mlrA,4.0,1,88,TTTT,15
IUJ38_RS05120,,4.0,1,64,TTTA,16
IUJ38_RS05150,dld,4.0,1,99,AATA,9
IUJ38_RS05165,,4.0,1,100,TATT,12
IUJ38_RS05180,yohP,4.0,1,85,TTAA,12
IUJ38_RS05215,,4.0,1,92,TTTT,12
IUJ38_RS05220,,4.0,1,92,TATA,12
IUJ38_RS05225,,4.0,1,76,TTTT,5
IUJ38_RS05230,cdd,4.0,1,83,ATAA,10
IUJ38_RS05235,sanA,4.0,1,91,AAAA,2
IUJ38_RS05240,,4.0,1,93,TATT,6
IUJ38_RS05245,,4.0,1,67,ATTT,21
IUJ38_RS05250,preA,4.0,1,94,ATAT,17
IUJ38_RS05285,fghA,4.0,1,96,TATT,13
IUJ38_RS05300,serB,4.0,1,97,TTTT,19
IUJ38_RS05305,,4.0,1,100,AAAT,23
IUJ38_RS05325,,4.0,1,86,TTAT,37
IUJ38_RS05330,nfo,4.0,1,89,TTAT,15
IUJ38_RS05350,setB,4.0,1,97,TATT,16
IUJ38_RS05370,yeiP,4.0,1,100,TTTT,13
IUJ38_RS05375,,4.0,1,65,TTTT,15
IUJ38_RS05380,,4.0,1,80,AATA,7
IUJ38_RS05385,mepS,4.0,1,94,AATT,18
IUJ38_RS05390,,4.0,1,91,AAAA,12
IUJ38_RS05395,,4.0,1,95,TTTT,10
IUJ38_RS05400,,4.0,1,83,TATA,3
IUJ38_RS05405,,4.0,1,94,TTTA,14
IUJ38_RS05410,yejF,4.0,1,55,ATTT,7
IUJ38_RS05430,,4.0,1,95,AATT,8
IUJ38_RS05435,rplY,4.0,1,98,ATTT,12
IUJ38_RS05450,,4.0,1,98,TTAT,19
IUJ38_RS05455,yejM,4.0,1,80,TTTT,5
IUJ38_RS05470,,4.0,1,14,TTAA,1
IUJ38_RS05475,,4.0,1,87,AATT,26
IUJ38_RS05510,,4.0,1,91,ATTA,25
IUJ38_RS05545,,4.0,1,42,AAAA,8
IUJ38_RS05555,narP,4.0,1,98,TAAT,20
IUJ38_RS05635,eco,4.0,1,99,AAAA,21
IUJ38_RS05665,rcsD,4.0,1,98,TTAA,11
IUJ38_RS05670,rcsB,4.0,1,68,TATA,10
IUJ38_RS05695,,4.0,1,98,TTTT,20
IUJ38_RS05700,ubiG,4.0,1,85,TAAT,9
IUJ38_RS05705,nrdA,4.0,1,100,TATA,17
IUJ38_RS05710,nrdB,4.0,1,52,ATAA,3
IUJ38_RS05715,yfaE,4.0,1,63,TTAT,5
IUJ38_RS05725,,4.0,1,92,AAAA,28
IUJ38_RS05740,glpA,4.0,1,91,ATTT,17
IUJ38_RS05745,glpB,4.0,1,54,AATT,5
IUJ38_RS05750,glpC,4.0,1,87,TATA,2
IUJ38_RS05755,sseL,4.0,1,93,ATTT,33
IUJ38_RS05795,nudI,4.0,1,96,AAAA,13
IUJ38_RS05805,arnB,4.0,1,77,TAAA,21
IUJ38_RS05810,arnC,4.0,1,35,ATTA,3
IUJ38_RS05815,arnA,4.0,1,89,ATTT,10
IUJ38_RS05820,arnD,4.0,1,75,TATT,2
IUJ38_RS05825,arnT,4.0,1,67,AAAT,2
IUJ38_RS05830,arnE,4.0,1,96,AATA,9
IUJ38_RS05835,arnF,4.0,1,89,AAAA,6
IUJ38_RS05885,rbn,4.0,1,40,TAAT,4
IUJ38_RS05890,,4.0,1,88,ATTT,16
IUJ38_RS05900,,4.0,1,92,AAAA,15
IUJ38_RS05980,alaA,4.0,1,83,AAAA,5
IUJ38_RS05985,yfbR,4.0,1,98,AATA,11
IUJ38_RS06010,ackA,4.0,1,86,TTAA,14
IUJ38_RS06015,pta,4.0,1,77,ATTT,5
IUJ38_RS06020,yfcC,4.0,1,90,AATT,9
IUJ38_RS06050,,4.0,1,96,AAAA,16
IUJ38_RS06070,yfcG,4.0,1,73,AAAA,6
IUJ38_RS06075,,4.0,1,91,TATA,14
IUJ38_RS06130,,4.0,1,100,TTTT,17
IUJ38_RS06180,flk,4.0,1,75,TTAA,19
IUJ38_RS06195,,4.0,1,98,TATT,20
IUJ38_RS06200,,4.0,1,100,TATT,21
IUJ38_RS06205,,4.0,1,86,TATT,11
IUJ38_RS06220,mnmC,4.0,1,75,ATTT,6
IUJ38_RS06255,smrB,4.0,1,80,AATA,8
IUJ38_RS06280,fadL,4.0,1,91,ATTT,11
IUJ38_RS06290,,4.0,1,87,ATTT,24
IUJ38_RS06320,pgtP,4.0,1,100,ATTT,16
IUJ38_RS06330,lpxP,4.0,1,73,TATT,12
IUJ38_RS06335,ypdK,4.0,1,97,AATA,14
IUJ38_RS06350,,4.0,1,89,AATT,7
IUJ38_RS06360,mgrA,4.0,1,95,AAAA,10
IUJ38_RS06365,ypeC,4.0,1,92,ATTT,12
IUJ38_RS06375,nupC,4.0,1,90,TTAT,17
IUJ38_RS06395,,4.0,1,80,TTAA,15
IUJ38_RS06400,,4.0,1,73,TTTA,6
IUJ38_RS06450,,4.0,1,100,TTTT,38
IUJ38_RS06460,,4.0,1,99,AATA,23
IUJ38_RS06480,cysZ,4.0,1,96,TTTT,11
IUJ38_RS06485,cysK,4.0,1,89,ATAT,8
IUJ38_RS06490,ptsH,4.0,1,91,TTTA,9
IUJ38_RS06495,ptsI,4.0,1,47,TTTT,11
IUJ38_RS06500,crr,4.0,1,88,TTAA,10
IUJ38_RS06515,ptsJ,4.0,1,84,ATAA,17
IUJ38_RS06520,,4.0,1,75,ATTA,11
IUJ38_RS06525,,4.0,1,98,TTTT,10
IUJ38_RS06530,,4.0,1,95,TTAA,19
IUJ38_RS06585,amiA,4.0,1,100,TATT,15
IUJ38_RS06590,hemF,4.0,1,86,AAAA,9
IUJ38_RS06595,,4.0,1,47,TTTA,16
IUJ38_RS06600,,4.0,1,89,ATAA,10
IUJ38_RS06700,tal,4.0,1,84,TTTT,7
IUJ38_RS06705,tkt,4.0,1,72,TTTT,6
IUJ38_RS06725,pbp4b,4.0,1,100,ATTT,7
IUJ38_RS06735,narQ,4.0,1,55,AATT,11
IUJ38_RS06740,acrD,4.0,1,99,ATTA,11
IUJ38_RS06750,,4.0,1,85,ATAA,23
IUJ38_RS06755,dapE,4.0,1,31,TTAT,4
IUJ38_RS06760,,4.0,1,51,ATTA,5
IUJ38_RS06790,,4.0,1,96,AATA,15
IUJ38_RS06795,bcp,4.0,1,89,TTTA,9
IUJ38_RS06810,bepA,4.0,1,77,TTAT,5
IUJ38_RS06815,arsC,4.0,1,48,AAAA,7
IUJ38_RS06835,purM,4.0,1,100,ATAA,11
IUJ38_RS06840,purN,4.0,1,79,TAAA,7
IUJ38_RS06845,ppk1,4.0,1,99,TTTA,21
IUJ38_RS06850,ppx,4.0,1,65,TAAA,6
IUJ38_RS06865,,4.0,1,66,ATAA,5
IUJ38_RS06875,,4.0,1,85,TTAT,19
IUJ38_RS06895,xseA,4.0,1,88,ATTT,13
IUJ38_RS07005,sseA,4.0,1,97,AAAT,7
IUJ38_RS07010,,4.0,1,96,TAAA,28
IUJ38_RS07015,timP,4.0,1,99,ATAA,3
IUJ38_RS07075,suhB,4.0,1,99,ATTA,10
IUJ38_RS07080,,4.0,1,97,TTTT,9
IUJ38_RS07085,asrA,4.0,1,89,ATTA,26
IUJ38_RS07090,asrB,4.0,1,77,AATA,10
IUJ38_RS07095,asrC,4.0,1,49,ATAT,8
IUJ38_RS07110,csiE,4.0,1,77,TAAA,7
IUJ38_RS07125,hmpA,4.0,1,97,ATAA,20
IUJ38_RS07130,cadC,4.0,1,97,TTTT,26
IUJ38_RS07135,cadB,4.0,1,85,TTAA,13
IUJ38_RS07140,cadA,4.0,1,87,TTTA,6
IUJ38_RS07145,dtpD,4.0,1,84,TTAA,10
IUJ38_RS07175,,4.0,1,75,TTTA,6
IUJ38_RS07180,mltF,4.0,1,85,AAAA,13
IUJ38_RS07205,,4.0,1,100,ATTT,19
IUJ38_RS07220,,4.0,1,100,AAAT,35
IUJ38_RS07225,,4.0,1,90,ATAA,12
IUJ38_RS07265,gogB,4.0,1,73,TTAA,16
IUJ38_RS24135,,4.0,1,96,AAAA,38
IUJ38_RS07270,,4.0,1,17,TATT,5
IUJ38_RS07295,pagK,4.0,1,100,TTAT,21
IUJ38_RS07370,,4.0,1,56,TTTT,11
IUJ38_RS07425,pliG,4.0,1,89,AATT,18
IUJ38_RS07445,gogA,4.0,1,100,TTTA,21
IUJ38_RS07535,,4.0,1,85,ATTA,16
IUJ38_RS07540,,4.0,1,81,TTTT,16
IUJ38_RS07545,,4.0,1,92,TAAA,5
IUJ38_RS07550,,4.0,1,80,AAAA,12
IUJ38_RS07555,,4.0,1,55,ATAT,6
IUJ38_RS07560,,4.0,1,99,AATA,4
IUJ38_RS07565,,4.0,1,92,ATAA,6
IUJ38_RS07570,xis,4.0,1,65,AAAT,6
IUJ38_RS07605,nadB,4.0,1,96,TTTA,20
IUJ38_RS07615,srmB,4.0,1,89,AAAA,6
IUJ38_RS07625,eamB,4.0,1,86,AAAA,26
IUJ38_RS07635,ung,4.0,1,93,TTTT,8
IUJ38_RS07645,trxC,4.0,1,87,TTTA,9
IUJ38_RS07650,tapT,4.0,1,75,TAAA,5
IUJ38_RS07655,pat,4.0,1,87,AAAA,15
IUJ38_RS07665,pssA,4.0,1,89,TTTA,9
IUJ38_RS07670,,4.0,1,66,ATTA,7
IUJ38_RS07720,bamD,4.0,1,89,TTTA,13
IUJ38_RS07725,raiA,4.0,1,96,AAAA,18
IUJ38_RS07730,pheL,4.0,1,62,TTTT,7
IUJ38_RS07735,pheA,4.0,1,77,ATAA,12
IUJ38_RS07755,,4.0,1,100,ATAA,20
IUJ38_RS07760,dgcN,4.0,1,85,AAAT,11
IUJ38_RS07790,,4.0,1,100,TATA,3
IUJ38_RS07795,,4.0,1,94,TTTA,15
IUJ38_RS07800,,4.0,1,96,TTTT,18
IUJ38_RS07810,nadK,4.0,1,79,TTAT,5
IUJ38_RS07815,recN,4.0,1,100,AAAA,33
IUJ38_RS07820,bamE,4.0,1,90,AAAA,16
IUJ38_RS07835,smpB,4.0,1,69,ATTT,8
IUJ38_RS07840,bapA,4.0,1,63,ATTT,11
IUJ38_RS07845,,4.0,1,79,ATAA,15
IUJ38_RS07850,,4.0,1,71,TATA,5
IUJ38_RS07855,,4.0,1,83,AAAA,7
IUJ38_RS07910,,4.0,1,87,ATTT,12
IUJ38_RS07915,,4.0,1,97,TAAA,14
IUJ38_RS08015,,4.0,1,68,TATT,3
IUJ38_RS08020,,4.0,1,88,ATTT,8
IUJ38_RS08070,,4.0,1,65,TATT,8
IUJ38_RS08090,,4.0,1,89,TTTT,19
IUJ38_RS08095,,4.0,1,99,AAAA,5
IUJ38_RS08105,,4.0,1,21,AAAT,4
IUJ38_RS08110,,4.0,1,87,TTAA,12
IUJ38_RS08120,,4.0,1,84,TTAA,6
IUJ38_RS08125,,4.0,1,76,AAAT,3
IUJ38_RS08130,,4.0,1,90,AATT,34
IUJ38_RS08135,,4.0,1,97,ATAT,16
IUJ38_RS08145,,4.0,1,85,TATT,21
IUJ38_RS08150,srlA,4.0,1,85,ATTA,4
IUJ38_RS08155,,4.0,1,89,TATA,6
IUJ38_RS08160,srlE,3.0,0,,,0
IUJ38_RS08165,,4.0,1,67,TTAA,4
IUJ38_RS08170,,4.0,1,86,AATA,22
IUJ38_RS08195,,4.0,1,96,TTTT,14
IUJ38_RS08200,,4.0,1,88,TATT,7
IUJ38_RS08205,,4.0,1,100,TAAA,18
IUJ38_RS08215,,4.0,1,100,TTTT,8
IUJ38_RS08235,,4.0,1,97,TTAT,5
IUJ38_RS08250,hin,4.0,1,93,ATAA,21
IUJ38_RS08255,iroB,4.0,1,95,ATAT,24
IUJ38_RS08260,iroC,4.0,1,62,AATA,4
IUJ38_RS08265,,4.0,1,95,ATTT,12
IUJ38_RS08270,,4.0,1,87,ATTA,10
IUJ38_RS08290,,4.0,1,100,TTAA,7
IUJ38_RS08295,,4.0,1,95,ATTA,30
IUJ38_RS08315,,4.0,1,100,TTAA,13
IUJ38_RS08320,,4.0,1,68,AAAA,8
IUJ38_RS08325,,4.0,1,87,TATT,2
IUJ38_RS08330,glaH,4.0,1,82,AAAA,15
IUJ38_RS08335,lhgO,4.0,1,45,ATTA,6
IUJ38_RS08340,gabD,4.0,1,46,ATTA,5
IUJ38_RS08345,gabT,4.0,1,100,TTAA,17
IUJ38_RS08350,gabP,4.0,1,92,TTAT,13
IUJ38_RS08355,csiR,4.0,1,89,AAAA,11
IUJ38_RS08370,,4.0,1,86,TTTT,27
IUJ38_RS08375,,4.0,1,75,TATT,17
IUJ38_RS08380,,4.0,1,96,AATA,6
IUJ38_RS08390,alaE,4.0,1,100,TATT,14
IUJ38_RS08400,,4.0,1,95,AAAA,9
IUJ38_RS08410,,4.0,1,90,ATAT,14
IUJ38_RS08415,nrdH,4.0,1,95,TTAA,14
IUJ38_RS08420,nrdI,4.0,1,94,AATT,5
IUJ38_RS08425,nrdE,4.0,1,88,AAAA,9
IUJ38_RS08430,nrdF,4.0,1,95,TATT,9
IUJ38_RS08435,proV,4.0,1,66,AAAA,11
IUJ38_RS08440,proW,4.0,1,52,ATTA,6
IUJ38_RS08445,proX,4.0,1,95,TAAT,8
IUJ38_RS08450,,4.0,1,66,TTTA,12
IUJ38_RS08455,mprA,4.0,1,97,TTTA,26
IUJ38_RS08460,emrA,4.0,1,100,TTAA,9
IUJ38_RS08465,emrB,4.0,1,78,AAAT,10
IUJ38_RS08545,,4.0,1,100,AAAA,16
IUJ38_RS08555,srlA,4.0,1,98,TTTT,21
IUJ38_RS08560,srlE,4.0,1,63,TATT,9
IUJ38_RS08565,srlB,4.0,1,49,TTAT,5
IUJ38_RS08570,srlD,4.0,1,91,AATT,10
IUJ38_RS08575,gutM,4.0,1,70,AATT,3
IUJ38_RS08580,srlR,4.0,1,29,TAAA,5
IUJ38_RS08585,gutQ,4.0,1,56,ATTT,4
IUJ38_RS08595,norV,4.0,1,98,AAAT,17
IUJ38_RS08600,norW,4.0,1,67,ATAA,3
IUJ38_RS08665,hypA,4.0,1,88,ATTT,18
IUJ38_RS08670,hypB,4.0,1,73,ATTA,5
IUJ38_RS08675,hypC,4.0,1,70,AAAT,5
IUJ38_RS08680,hypD,4.0,1,98,ATTA,6
IUJ38_RS08685,hypE,4.0,1,99,TAAA,3
IUJ38_RS08690,flhA,4.0,1,75,AATA,16
IUJ38_RS08700,sitA,4.0,1,97,AAAT,25
IUJ38_RS08705,sitB,4.0,1,26,ATTA,2
IUJ38_RS08710,sitC,4.0,1,91,ATAT,8
IUJ38_RS08715,sitD,4.0,1,68,TTTA,5
IUJ38_RS08770,hilD,4.0,1,81,TAAT,19
IUJ38_RS08775,hilA,4.0,1,83,AATT,15
IUJ38_RS08780,iagB,4.0,1,100,AAAT,26
IUJ38_RS08895,invH,4.0,1,76,TTAT,10
IUJ38_RS08900,,4.0,1,97,TTTT,7
IUJ38_RS08905,,4.0,1,74,AATT,11
IUJ38_RS08920,,4.0,1,77,TATA,15
IUJ38_RS08925,,4.0,1,87,TAAA,10
IUJ38_RS08935,pphB,4.0,1,96,ATAT,42
IUJ38_RS08945,mutS,4.0,1,86,AAAT,23
IUJ38_RS08960,,4.0,1,89,ATTA,12
IUJ38_RS08995,ygbI,4.0,1,100,AAAA,13
IUJ38_RS09005,,4.0,1,97,TAAA,10
IUJ38_RS09010,,4.0,1,24,AAAT,5
IUJ38_RS09015,,4.0,1,91,TATA,9
IUJ38_RS09030,,4.0,1,97,AATT,8
IUJ38_RS09085,,4.0,1,85,ATTT,18
IUJ38_RS09130,sopD,4.0,1,88,TAAA,38
IUJ38_RS09150,queD,4.0,1,100,ATTA,21
IUJ38_RS09205,barA,4.0,1,81,TTTT,11
IUJ38_RS09230,,4.0,1,92,TTAA,6
IUJ38_RS09255,queF,4.0,1,54,ATAA,5
IUJ38_RS09260,ppnN,4.0,1,100,TTTT,5
IUJ38_RS09265,sdaC,4.0,1,100,ATAT,20
IUJ38_RS09270,sdaB,4.0,1,83,TATT,4
IUJ38_RS09275,xni,4.0,1,91,TTAT,3
IUJ38_RS09290,fucP,4.0,1,96,AATT,13
IUJ38_RS09295,fucI,4.0,1,70,ATTT,8
IUJ38_RS09300,fucK,4.0,1,76,TTTA,5
IUJ38_RS09305,fucU,4.0,1,96,AATT,14
IUJ38_RS09310,fucR,4.0,1,91,AAAT,14
IUJ38_RS09335,csdA,4.0,1,99,ATAA,10
IUJ38_RS09340,csdE,4.0,1,81,TTTT,7
IUJ38_RS09345,rarD,4.0,1,71,AAAA,13
IUJ38_RS09375,argA,4.0,1,99,AAAA,27
IUJ38_RS09440,mutH,4.0,1,98,AATA,28
IUJ38_RS09445,,4.0,1,100,ATTT,14
IUJ38_RS09450,,4.0,1,72,TTAT,12
IUJ38_RS09455,,4.0,1,87,AATT,20
IUJ38_RS09470,galR,4.0,1,94,ATTT,11
IUJ38_RS09475,,4.0,1,87,TATT,6
IUJ38_RS09485,,4.0,1,98,TTTT,25
IUJ38_RS09520,,4.0,1,92,TTTA,22
IUJ38_RS09525,,4.0,1,78,TTAA,22
IUJ38_RS09535,,4.0,1,97,AATA,12
IUJ38_RS09595,,4.0,1,98,AAAA,11
IUJ38_RS09600,,4.0,1,95,ATAT,13
IUJ38_RS09615,idi,4.0,1,97,TTTT,13
IUJ38_RS09645,fldB,4.0,1,88,TTTT,4
IUJ38_RS09660,ygfZ,4.0,1,76,TATT,16
IUJ38_RS09675,bglA,4.0,1,76,AATT,14
IUJ38_RS09720,zapA,4.0,1,71,TATA,1
IUJ38_RS09730,,4.0,1,96,TTAA,3
IUJ38_RS09745,argP,4.0,1,99,AAAA,16
IUJ38_RS09780,,4.0,1,99,TTTT,13
IUJ38_RS09785,,4.0,1,64,ATTT,10
IUJ38_RS09790,,4.0,1,95,ATAA,7
IUJ38_RS09795,,4.0,1,28,TAAT,2
IUJ38_RS09800,,4.0,1,79,TTTT,7
IUJ38_RS09810,,4.0,1,82,TTTT,17
IUJ38_RS24145,,4.0,1,74,ATAT,6
IUJ38_RS09875,metK,4.0,1,52,TATT,10
IUJ38_RS09880,galP,4.0,1,97,TAAA,12
IUJ38_RS09885,,4.0,1,98,AAAT,5
IUJ38_RS09890,endA,4.0,1,19,TTTT,1
IUJ38_RS09895,rsmE,4.0,1,55,TTAA,9
IUJ38_RS09900,gshB,4.0,1,58,ATTA,6
IUJ38_RS09905,,4.0,1,90,AAAA,8
IUJ38_RS09910,ruvX,4.0,1,100,ATAT,10
IUJ38_RS09925,,4.0,1,58,TTAT,10
IUJ38_RS09930,,4.0,1,35,ATTA,9
IUJ38_RS09935,yggU,4.0,1,70,TTAA,4
IUJ38_RS09940,,4.0,1,93,AAAA,13
IUJ38_RS09945,hemW,4.0,1,88,AAAA,5
IUJ38_RS09975,mutY,4.0,1,59,TTTA,4
IUJ38_RS09980,,4.0,1,32,TTTA,2
IUJ38_RS09985,mltC,4.0,1,88,TTAT,5
IUJ38_RS09990,,4.0,1,98,AAAA,15
IUJ38_RS10000,,4.0,1,96,TAAA,20
IUJ38_RS10030,ripR,4.0,1,93,ATAT,11
IUJ38_RS10045,,4.0,1,82,TTAA,9
IUJ38_RS10070,,4.0,1,100,AATA,6
IUJ38_RS10100,uxuA,4.0,1,96,AATT,5
IUJ38_RS10105,,4.0,1,79,ATTT,2
IUJ38_RS10110,uxaC,4.0,1,94,AATT,6
IUJ38_RS10125,yghU,4.0,1,96,TTAA,9
IUJ38_RS10200,,4.0,1,93,ATTT,31
IUJ38_RS10205,,4.0,1,99,ATAA,25
IUJ38_RS10210,,4.0,1,96,AATA,6
IUJ38_RS10225,metC,4.0,1,100,TTTT,15
IUJ38_RS10230,yghB,4.0,1,99,AAAA,9
IUJ38_RS10240,yqhD,4.0,1,96,AAAT,5
IUJ38_RS10245,dkgA,4.0,1,82,TTTT,9
IUJ38_RS10250,,4.0,1,96,AATT,33
IUJ38_RS10255,,4.0,1,92,TTTT,10
IUJ38_RS10270,,4.0,1,53,TTAT,12
IUJ38_RS10275,,4.0,1,90,AAAA,8
IUJ38_RS10280,,4.0,1,100,TATT,10
IUJ38_RS10310,qseB,4.0,1,90,TTAA,10
IUJ38_RS10315,qseC,4.0,1,70,ATTT,7
IUJ38_RS10320,,4.0,1,99,TTTT,10
IUJ38_RS10325,,4.0,1,100,ATTA,17
IUJ38_RS10355,tolC,4.0,1,81,TTTT,15
IUJ38_RS10360,,4.0,1,99,TATT,9
IUJ38_RS10365,,4.0,1,84,TTTT,1
IUJ38_RS10375,zupT,4.0,1,70,ATAA,9
IUJ38_RS10385,,4.0,1,99,AAAT,20
IUJ38_RS10390,dsbI,4.0,1,88,TTAT,12
IUJ38_RS10400,ubiK,4.0,1,93,TTTA,7
IUJ38_RS10410,,4.0,1,94,ATAT,13
IUJ38_RS10415,,4.0,1,100,ATTT,14
IUJ38_RS10420,,4.0,1,18,TTTA,5
IUJ38_RS10440,,4.0,1,15,AATA,2
IUJ38_RS10445,,4.0,1,90,TAAA,11
IUJ38_RS10460,plsY,4.0,1,92,TTTT,15
IUJ38_RS10480,rpsU,4.0,1,100,TTTA,15
IUJ38_RS10485,dnaG,4.0,1,94,TAAA,6
IUJ38_RS10490,rpoD,4.0,1,82,AAAA,13
IUJ38_RS10510,,4.0,1,95,TTAT,36
IUJ38_RS10525,ygjG,4.0,1,93,TTTA,9
IUJ38_RS10530,,4.0,1,79,TTTT,11
IUJ38_RS10540,,4.0,1,87,ATTA,12
IUJ38_RS10545,,4.0,1,87,ATTT,8
IUJ38_RS10550,,4.0,1,91,TAAA,6
IUJ38_RS10555,,4.0,1,63,ATAA,15
IUJ38_RS10560,sstT,4.0,1,95,TTAT,5
IUJ38_RS10565,yqjA,4.0,1,79,ATAA,6
IUJ38_RS10570,mzrA,4.0,1,66,TTTT,6
IUJ38_RS10575,,4.0,1,99,TTTA,16
IUJ38_RS10580,,4.0,1,70,TAAA,14
IUJ38_RS10585,,4.0,1,88,ATTA,7
IUJ38_RS10590,,4.0,1,61,TATT,3
IUJ38_RS10595,,4.0,1,96,TTTA,9
IUJ38_RS10600,,4.0,1,82,AATA,15
IUJ38_RS10605,,4.0,1,100,TTAT,27
IUJ38_RS10615,,4.0,1,88,AAAT,14
IUJ38_RS10620,,4.0,1,100,TTAT,7
IUJ38_RS10685,garD,4.0,1,100,TTAT,23
IUJ38_RS10700,,4.0,1,68,ATTA,24
IUJ38_RS10705,pfkB,4.0,1,91,TATA,5
IUJ38_RS10710,,4.0,1,69,AATA,11
IUJ38_RS10715,,4.0,1,46,AAAA,4
IUJ38_RS10720,gatZ,4.0,1,86,ATTT,17
IUJ38_RS10725,gatA,4.0,1,88,ATAA,13
IUJ38_RS10730,gatB,4.0,1,31,ATAA,13
IUJ38_RS10735,,4.0,1,93,AATA,11
IUJ38_RS10740,gatD,4.0,1,57,AAAT,7
IUJ38_RS10745,,4.0,1,79,ATTT,14
IUJ38_RS10755,,4.0,1,91,AATT,20
IUJ38_RS10760,,4.0,1,95,TTTT,7
IUJ38_RS10765,diaA,4.0,1,67,AAAT,11
IUJ38_RS10770,dolP,4.0,1,83,AAAT,9
IUJ38_RS10780,yhbO,4.0,1,76,TTAA,7
IUJ38_RS10790,,4.0,1,58,AATA,11
IUJ38_RS10805,ubiU,4.0,1,97,TTTA,21
IUJ38_RS10810,,4.0,1,30,ATAT,3
IUJ38_RS10815,,4.0,1,96,TTTT,16
IUJ38_RS10825,,4.0,1,77,TTTT,23
IUJ38_RS10890,argG,4.0,1,97,TAAA,22
IUJ38_RS10930,yhbY,4.0,1,86,TAAA,16
IUJ38_RS10940,dacB,4.0,1,100,ATAA,8
IUJ38_RS10965,ispB,4.0,1,95,TTTT,13
IUJ38_RS10970,sfsB,4.0,1,91,TTTT,11
IUJ38_RS11010,,4.0,1,100,TTTA,13
IUJ38_RS11015,kdsD,4.0,1,86,TATA,5
IUJ38_RS11020,kdsC,4.0,1,55,ATAT,6
IUJ38_RS11025,lptC,4.0,1,52,ATTT,1
IUJ38_RS11030,lptA,4.0,1,94,TTAT,8
IUJ38_RS11035,lptB,4.0,1,48,AAAA,5
IUJ38_RS11040,rpoN,4.0,1,85,TTAA,4
IUJ38_RS11045,hpf,4.0,1,65,TTTA,3
IUJ38_RS11050,ptsN,4.0,1,64,ATTT,3
IUJ38_RS11055,rapZ,4.0,1,86,AAAT,8
IUJ38_RS11060,npr,4.0,1,86,TATA,10
IUJ38_RS11065,yrbL,4.0,1,99,ATAA,33
IUJ38_RS11090,gltB,3.0,0,,,0
IUJ38_RS11095,gltD,4.0,1,92,TTAA,3
IUJ38_RS11100,,4.0,1,99,TAAT,9
IUJ38_RS11105,codB,4.0,1,98,AATA,30
IUJ38_RS11110,,4.0,1,98,TATT,6
IUJ38_RS11175,zapG,4.0,1,87,AATT,7
IUJ38_RS11180,degQ,4.0,1,89,TATT,10
IUJ38_RS11185,degS,4.0,1,95,TAAT,9
IUJ38_RS11240,argR,4.0,1,98,ATAA,19
IUJ38_RS11245,yhcN,4.0,1,93,TATT,21
IUJ38_RS11250,yhcN-B,4.0,1,86,ATAT,16
IUJ38_RS11275,aaeR,4.0,1,85,TTAT,26
IUJ38_RS11320,,4.0,1,93,AATT,17
IUJ38_RS11325,msrP,4.0,1,100,AAAA,22
IUJ38_RS11330,msrQ,4.0,1,66,TTTA,10
IUJ38_RS11335,accB,4.0,1,91,TATT,8
IUJ38_RS11340,accC,4.0,1,42,AATT,2
IUJ38_RS11345,,4.0,1,100,TAAT,13
IUJ38_RS11350,panF,4.0,1,82,TTAT,15
IUJ38_RS11355,prmA,4.0,1,92,TTAA,13
IUJ38_RS11360,dusB,4.0,1,55,AAAA,10
IUJ38_RS11365,fis,4.0,1,86,TATT,11
IUJ38_RS11370,yhdJ,4.0,1,88,TAAT,17
IUJ38_RS11375,,4.0,1,85,TAAA,12
IUJ38_RS11380,,4.0,1,97,TTAT,17
IUJ38_RS11390,,4.0,1,100,AATA,19
IUJ38_RS11395,,4.0,1,79,AAAA,5
IUJ38_RS11400,,4.0,1,99,ATTT,14
IUJ38_RS11440,,4.0,1,82,ATTT,10
IUJ38_RS11475,def,4.0,1,58,ATTT,10
IUJ38_RS11480,fmt,4.0,1,99,TTTA,11
IUJ38_RS11485,rsmB,4.0,1,99,TTAA,22
IUJ38_RS11490,trkA,4.0,1,48,TTTT,4
IUJ38_RS11495,mscL,4.0,1,100,TTTA,26
IUJ38_RS11655,hopD,4.0,1,97,TTTT,9
IUJ38_RS11715,,4.0,1,100,TTTT,13
IUJ38_RS11740,,4.0,1,93,TTTT,15
IUJ38_RS11745,,4.0,1,42,AATT,2
IUJ38_RS11755,,4.0,1,74,AAAT,15
IUJ38_RS11760,,4.0,1,87,ATTT,5
IUJ38_RS11765,,4.0,1,100,ATTA,18
IUJ38_RS11775,crp,4.0,1,73,TATA,11
IUJ38_RS11780,,4.0,1,52,TTAA,9
IUJ38_RS11810,tsgA,4.0,1,100,ATTA,19
IUJ38_RS11815,nirB,4.0,1,96,ATTA,19
IUJ38_RS11820,nirD,4.0,1,7,AAAA,1
IUJ38_RS11825,nirC,4.0,1,98,ATTA,6
IUJ38_RS11830,cysG,4.0,1,90,TTAT,14
IUJ38_RS11835,bigA,4.0,1,100,TAAA,27
IUJ38_RS11845,,4.0,1,83,ATTA,21
IUJ38_RS11910,mrcA,4.0,1,91,TTAA,15
IUJ38_RS11920,igaA,4.0,1,64,AAAA,6
IUJ38_RS11925,yrfG,4.0,1,94,TTAA,5
IUJ38_RS11930,hslR,4.0,1,75,AAAA,2
IUJ38_RS11935,hslO,4.0,1,49,ATTT,6
IUJ38_RS11945,pckA,4.0,1,100,ATTT,19
IUJ38_RS11960,greB,4.0,1,100,TTAA,23
IUJ38_RS11965,,4.0,1,62,ATTT,10
IUJ38_RS11970,feoA,4.0,1,100,TATT,5
IUJ38_RS11975,feoB,4.0,1,98,ATAT,16
IUJ38_RS11980,feoC,4.0,1,60,AAAA,6
IUJ38_RS11985,,4.0,1,72,TAAT,1
IUJ38_RS11995,gntX,4.0,1,77,AATT,3
IUJ38_RS12000,nfuA,4.0,1,41,TATT,12
IUJ38_RS12005,gntT,4.0,1,97,TATT,8
IUJ38_RS12020,malT,4.0,1,93,ATTA,21
IUJ38_RS12055,rtcR,4.0,1,100,AATT,25
IUJ38_RS12075,glpD,4.0,1,96,TAAA,16
IUJ38_RS12095,,4.0,1,91,AATT,11
IUJ38_RS12100,ilvD,4.0,1,100,TTTT,3
IUJ38_RS12105,,4.0,1,100,TTTA,19
IUJ38_RS12145,,4.0,1,55,AAAA,7
IUJ38_RS12175,yhhY,4.0,1,81,TTTT,18
IUJ38_RS12180,,4.0,1,100,ATTA,23
IUJ38_RS12185,,4.0,1,100,TAAT,7
IUJ38_RS12190,,4.0,1,73,AATT,21
IUJ38_RS12195,,4.0,1,43,AATA,4
IUJ38_RS12205,,4.0,1,89,TTTA,15
IUJ38_RS12270,panM,4.0,1,100,AAAA,16
IUJ38_RS12275,,4.0,1,99,ATAA,6
IUJ38_RS12305,rsmD,4.0,1,100,ATAT,16
IUJ38_RS12310,,4.0,1,60,AAAA,4
IUJ38_RS12320,,4.0,1,96,TTAT,16
IUJ38_RS12325,zntA,4.0,1,83,TAAA,13
IUJ38_RS12330,tcp,4.0,1,92,ATTA,20
IUJ38_RS12340,,4.0,1,91,AAAA,13
IUJ38_RS12345,,4.0,1,98,AAAT,11
IUJ38_RS12355,,4.0,1,100,TTTT,10
IUJ38_RS12360,acpT,4.0,1,72,AAAA,2
