position,n_genes
-100,135
-99,45
-98,41
-97,53
-96,46
-95,32
-94,40
-93,33
-92,26
-91,36
-90,22
-89,28
-88,30
-87,30
-86,28
-85,20
-84,10
-83,25
-82,13
-81,16
-80,11
-79,17
-78,8
-77,19
-76,13
-75,17
-74,4
-73,12
-72,6
-71,6
-70,10
-69,7
-68,7
-67,8
-66,10
-65,6
-64,6
-63,8
-62,3
-61,3
-60,3
-59,5
-58,5
-57,3
-56,4
-55,11
-54,5
-53,2
-52,6
-51,2
-50,2
-49,4
-48,3
-47,3
-46,3
-45,3
-44,1
-43,1
-42,3
-41,2
-40,3
-39,0
-38,1
-37,2
-36,1
-35,2
-34,2
-33,0
-32,1
-31,2
-30,1
-29,1
-28,2
-27,1
-26,1
-25,1
-24,1
-23,1
-22,0
-21,1
-20,0
-19,1
-18,2
-17,1
-16,0
-15,2
-14,1
-13,0
-12,0
-11,0
-10,0
-9,0
-8,0
-7,2
-6,1
-5,0
-4,0
-3,0
-2,0
-1,0
