threshold,real_%,shuffled_%
0.0,11.3,4.79
-0.25,78.2,63.68
-0.5,94.6,84.78
-0.75,97.8,92.89
-1.0,99.0,96.23
-1.25,99.5,97.42
-1.5,99.5,97.64
-1.75,99.5,97.64
-2.0,99.5,97.64
-2.25,99.5,97.64
-2.5,99.5,97.64
-2.75,99.5,97.64
-3.0,99.5,97.64
-3.25,99.5,97.64
-3.5,99.5,97.64
-3.75,99.5,97.64
-4.0,99.5,97.64
-4.25,99.5,97.64
-4.5,99.5,97.64
-4.75,99.5,97.64
-5.0,99.5,97.64
-5.25,99.5,97.64
-5.5,99.5,97.64
-5.75,99.5,97.64
-6.0,99.5,97.64
-6.25,99.5,97.64
-6.5,99.5,97.64
-6.75,99.5,97.64
-7.0,99.5,97.64
-7.25,99.5,97.64
-7.5,99.5,97.64
-7.75,99.5,97.64
-8.0,99.5,97.64
-8.25,99.5,97.64
-8.5,99.5,97.64
-8.75,99.5,97.64
-9.0,99.5,97.64
-9.25,99.5,97.64
-9.5,99.5,97.64
-9.75,99.5,97.64
-10.0,99.5,97.64
-10.25,99.5,97.64
-10.5,99.5,97.64
-10.75,99.5,97.64
-11.0,99.7,98.72
-11.25,100.0,99.78
-11.5,100.0,99.98
-11.75,100.0,100.0
-12.0,100.0,100.0
