locus_tag,gene,best_position,best_6mer,score_minus_consensus,detected_T-1,detected_T-2,detected_T-3,detected_T-4,detected_T-5
IUJ38_RS00010,murJ,-30,TTTTAC,-0.2537,1,1,1,1,1
IUJ38_RS00030,flgB,-41,ATTTAA,-0.1097,1,1,1,1,1
IUJ38_RS00035,flgC,-77,AATATC,-0.3299,1,1,1,1,1
IUJ38_RS00040,flgD,-37,TTAAAA,-0.2967,1,1,1,1,1
IUJ38_RS00045,flgE,-35,ATAATC,-0.1926,1,1,1,1,1
IUJ38_RS00050,,-34,TTAACC,-0.6488,1,1,1,1,1
IUJ38_RS00055,flgG,-17,TTAATA,-0.2055,1,1,1,1,1
IUJ38_RS00060,flgH,-18,ATTTTG,-0.2963,1,1,1,1,1
IUJ38_RS00065,,-76,ATATTA,-0.0768,1,1,1,1,1
IUJ38_RS00070,flgJ,-56,ATTTTG,-0.2963,1,1,1,1,1
IUJ38_RS00075,flgK,-16,ATTAAA,-0.16,1,1,1,1,1
IUJ38_RS00080,flgL,-85,ATTATC,-0.1343,1,1,1,1,1
IUJ38_RS00090,rluC,-18,TATTTA,-0.2925,1,1,1,1,1
IUJ38_RS00095,,-82,ATTTTT,0.0,1,1,1,1,1
IUJ38_RS00100,,-21,TTTTTA,-0.0969,1,1,1,1,1
IUJ38_RS00110,yceD,-75,ATTATT,-0.0503,1,1,1,1,1
IUJ38_RS00115,rpmF,-27,ATAAAC,-0.2838,1,1,1,1,1
IUJ38_RS00120,plsX,-47,ATTTCT,-0.3778,1,1,1,1,1
IUJ38_RS00125,fabH,-83,ATAATA,-0.1271,1,1,1,1,1
IUJ38_RS00130,fabD,-8,ATTTAA,-0.1097,1,1,1,1,1
IUJ38_RS00135,fabG,-16,ATAAAA,-0.2183,1,1,1,1,1
IUJ38_RS00140,acpP,-67,ATTTTT,0.0,1,1,1,1,1
IUJ38_RS00145,fabF,-24,ATTTTC,-0.084,1,1,1,1,1
IUJ38_RS00150,pabC,-77,TTTTTT,-0.0784,1,1,1,1,1
IUJ38_RS00155,yceG,-36,ATTTTT,0.0,1,1,1,1,1
IUJ38_RS00160,tmk,-68,ATTTAA,-0.1097,1,1,1,1,1
IUJ38_RS00165,holB,-80,ATTGAC,-11.0149,0,0,0,0,0
IUJ38_RS00170,,-83,ATTAAC,-0.2255,1,1,1,1,1
IUJ38_RS00175,ptsG,-100,ATAAAA,-0.2183,1,1,1,1,1
IUJ38_RS00185,hinT,-21,ATTATG,-0.3465,1,1,1,1,1
IUJ38_RS00190,,-73,TTTATC,-0.2127,1,1,1,1,1
IUJ38_RS00195,lpoB,-24,TTTATT,-0.1287,1,1,1,1,1
IUJ38_RS00200,thiK,-19,ATAATC,-0.1926,1,1,1,1,1
IUJ38_RS00205,nagZ,-62,ATTTAT,-0.0913,1,1,1,1,1
IUJ38_RS00210,ycfP,-29,ATTAAC,-0.2255,1,1,1,1,1
IUJ38_RS00215,ndh,-16,ATTTAA,-0.1097,1,1,1,1,1
IUJ38_RS00220,,-81,ATTTTT,0.0,1,1,1,1,1
IUJ38_RS00230,bhsA,-63,ATTAAC,-0.2255,1,1,1,1,1
IUJ38_RS00245,lolC,-63,ATTTAC,-0.1753,1,1,1,1,1
IUJ38_RS00250,lolD,-51,TTTATC,-0.2127,1,1,1,1,1
IUJ38_RS00255,lolE,-88,ATTTGC,-0.774,1,1,1,1,1
IUJ38_RS00260,nagK,-21,ATATAA,-0.1681,1,1,1,1,1
IUJ38_RS00265,cobB,-40,TTTTTT,-0.0784,1,1,1,1,1
IUJ38_RS00295,pepT,-56,ATATTT,-0.0583,1,1,1,1,1
IUJ38_RS00300,,-62,AAAAAG,-0.6917,1,1,1,1,1
IUJ38_RS00350,icd,-93,AAAATT,-0.3042,1,1,1,1,1
IUJ38_RS00355,sopF,-28,ATATTA,-0.0768,1,1,1,1,1
IUJ38_RS00385,pagC,-26,ATAATA,-0.1271,1,1,1,1,1
IUJ38_RS00400,,-31,TTTTTT,-0.0784,1,1,1,1,1
IUJ38_RS00405,,-83,TTTTTC,-0.1624,1,1,1,1,1
IUJ38_RS00410,,-27,TTTTTA,-0.0969,1,1,1,1,1
IUJ38_RS00425,,-57,ATTTTT,0.0,1,1,1,1,1
IUJ38_RS00430,,-38,TTAAAC,-0.3623,1,1,1,1,1
IUJ38_RS00435,,-86,TTTATT,-0.1287,1,1,1,1,1
IUJ38_RS00440,,-71,TTATTC,-0.2208,1,1,1,1,1
IUJ38_RS00445,,-27,ATTTAT,-0.0913,1,1,1,1,1
IUJ38_RS00455,,-22,TTAATA,-0.2055,1,1,1,1,1
IUJ38_RS00465,zinT,-46,ATAATA,-0.1271,1,1,1,1,1
IUJ38_RS00470,aadA,-48,ATATTT,-0.0583,1,1,1,1,1
IUJ38_RS00475,,-36,ATATTC,-0.1423,1,1,1,1,1
IUJ38_RS00480,,-72,TTAATA,-0.2055,1,1,1,1,1
IUJ38_RS00495,,-67,ATAATT,-0.1086,1,1,1,1,1
IUJ38_RS00500,leuE,-19,TTTTCA,-0.4747,1,1,1,1,1
IUJ38_RS00505,yeaR,-55,TTTTTA,-0.0969,1,1,1,1,1
IUJ38_RS00510,,-88,ATTTTA,-0.0185,1,1,1,1,1
IUJ38_RS00515,,-27,ATTAAA,-0.16,1,1,1,1,1
IUJ38_RS00520,,-49,TTTTTA,-0.0969,1,1,1,1,1
IUJ38_RS00530,,-89,ATAAAC,-0.2838,1,1,1,1,1
IUJ38_RS00535,,-29,ATAATG,-0.4048,1,1,1,1,1
IUJ38_RS00550,,-26,ATTTAT,-0.0913,1,1,1,1,1
IUJ38_RS00560,yoaI,-71,ATTAAA,-0.16,1,1,1,1,1
IUJ38_RS00575,,-62,ATTATT,-0.0503,1,1,1,1,1
IUJ38_RS00590,,-94,ATATTA,-0.0768,1,1,1,1,1
IUJ38_RS00595,,-80,ATAATT,-0.1086,1,1,1,1,1
IUJ38_RS00600,,-29,TTTTAC,-0.2537,1,1,1,1,1
IUJ38_RS00615,msrB,-21,TTTAAA,-0.2384,1,1,1,1,1
IUJ38_RS00620,,-25,ATTATT,-0.0503,1,1,1,1,1
IUJ38_RS00640,,-39,TTAATT,-0.187,1,1,1,1,1
IUJ38_RS00645,selD,-75,TAATTC,-0.4163,1,1,1,1,1
IUJ38_RS00650,topB,-81,AATTTG,-0.4918,1,1,1,1,1
IUJ38_RS00660,,-64,ATTAAA,-0.16,1,1,1,1,1
IUJ38_RS00675,astC,-22,ATTTTT,0.0,1,1,1,1,1
IUJ38_RS00680,astA,-83,TTAAAT,-0.2783,1,1,1,1,1
IUJ38_RS00685,astD,-8,AAAACC,-0.766,1,1,1,1,1
IUJ38_RS00690,astB,-97,ATTATT,-0.0503,1,1,1,1,1
IUJ38_RS00695,astE,-92,ATTATT,-0.0503,1,1,1,1,1
IUJ38_RS00700,spy,-43,TTTTAA,-0.1882,1,1,1,1,1
IUJ38_RS00715,osmE,-96,ATTTTC,-0.084,1,1,1,1,1
IUJ38_RS00720,chbB,-25,ATAATC,-0.1926,1,1,1,1,1
IUJ38_RS00725,chbC,-80,ATTTTT,0.0,1,1,1,1,1
IUJ38_RS00730,chbA,-59,AAATTC,-0.3379,1,1,1,1,1
IUJ38_RS00735,chbR,-16,AAATAA,-0.3636,1,1,1,1,1
IUJ38_RS00740,,-22,TTATAC,-0.312,1,1,1,1,1
IUJ38_RS00745,chbG,-57,AATTTT,-0.1956,1,1,1,1,1
IUJ38_RS00755,cedA,-83,ATTTTG,-0.2963,1,1,1,1,1
IUJ38_RS00775,,-17,TTTATC,-0.2127,1,1,1,1,1
IUJ38_RS00795,,-27,TTTTTT,-0.0784,1,1,1,1,1
IUJ38_RS00805,,-65,ATTAAA,-0.16,1,1,1,1,1
IUJ38_RS00810,,-48,ATTATT,-0.0503,1,1,1,1,1
IUJ38_RS00815,,-91,TTTTTT,-0.0784,1,1,1,1,1
IUJ38_RS00825,thrS,-57,ATTTTC,-0.084,1,1,1,1,1
IUJ38_RS00830,infC,-8,AATAAA,-0.3556,1,1,1,1,1
IUJ38_RS00835,rpmI,-32,TTTATT,-0.1287,1,1,1,1,1
IUJ38_RS00840,rplT,-40,TTTTTA,-0.0969,1,1,1,1,1
IUJ38_RS00845,pheM,-87,TTTATT,-0.1287,1,1,1,1,1
IUJ38_RS00850,pheS,-71,TTTTTT,-0.0784,1,1,1,1,1
IUJ38_RS00855,pheT,-8,ATAAAA,-0.2183,1,1,1,1,1
IUJ38_RS00860,ihfA,-41,ATTAAA,-0.16,1,1,1,1,1
IUJ38_RS00865,btuC,-67,TTTTTT,-0.0784,1,1,1,1,1
IUJ38_RS00870,,-51,ATTAAA,-0.16,1,1,1,1,1
IUJ38_RS00875,btuD,-69,TTTTTC,-0.1624,1,1,1,1,1
IUJ38_RS00880,,-36,ATTAAT,-0.1415,1,1,1,1,1
IUJ38_RS00885,ydiV,-96,AAAAAT,-0.3954,1,1,1,1,1
IUJ38_RS00890,selO,-82,ATTAAA,-0.16,1,1,1,1,1
IUJ38_RS00910,ppsA,-86,TTTTTT,-0.0784,1,1,1,1,1
IUJ38_RS00940,,-41,ATTTTA,-0.0185,1,1,1,1,1
IUJ38_RS00990,ydiJ,-6,AATATA,-0.2643,1,1,1,1,1
IUJ38_RS00995,menI,-8,ATTATA,-0.0687,1,1,1,1,1
IUJ38_RS01000,,-88,ATAAAA,-0.2183,1,1,1,1,1
IUJ38_RS01010,sufA,-53,ATTATC,-0.1343,1,1,1,1,1
IUJ38_RS01015,sufB,-72,ATTTAA,-0.1097,1,1,1,1,1
IUJ38_RS01020,sufC,-96,TTTTCT,-0.4562,1,1,1,1,1
IUJ38_RS01025,sufD,-36,ATTTTA,-0.0185,1,1,1,1,1
IUJ38_RS01030,sufS,-52,TTAAAC,-0.3623,1,1,1,1,1
IUJ38_RS01035,sufE,-43,ATTAAC,-0.2255,1,1,1,1,1
IUJ38_RS01040,ldtE,-98,TTTATC,-0.2127,1,1,1,1,1
IUJ38_RS01095,ttrS,-21,ATAATT,-0.1086,1,1,1,1,1
IUJ38_RS01100,ttrR,-27,ATTTCT,-0.3778,1,1,1,1,1
IUJ38_RS01105,fumD,-97,ATAATA,-0.1271,1,1,1,1,1
IUJ38_RS01130,spiC,-46,TTTTTA,-0.0969,1,1,1,1,1
IUJ38_RS01135,spiA,-55,ATTTTA,-0.0185,1,1,1,1,1
IUJ38_RS01140,ssaD,-30,TTTTTT,-0.0784,1,1,1,1,1
IUJ38_RS01145,ssaE,-18,ATTTTA,-0.0185,1,1,1,1,1
IUJ38_RS01150,sseA,-26,ATTATC,-0.1343,1,1,1,1,1
IUJ38_RS01155,sseB,-87,TTTAAA,-0.2384,1,1,1,1,1
IUJ38_RS01160,sscA,-34,AAATTT,-0.2539,1,1,1,1,1
IUJ38_RS01165,sseC,-58,AAATTC,-0.3379,1,1,1,1,1
IUJ38_RS01170,sseD,-8,ATAAAA,-0.2183,1,1,1,1,1
IUJ38_RS01175,sseE,-15,ATTAAC,-0.2255,1,1,1,1,1
IUJ38_RS01180,sscB,-58,TTTTTA,-0.0969,1,1,1,1,1
IUJ38_RS01185,sseF,-19,TTAAAT,-0.2783,1,1,1,1,1
IUJ38_RS01190,sseG,-39,ATTAAT,-0.1415,1,1,1,1,1
IUJ38_RS01195,ssaG,-18,ATTTTA,-0.0185,1,1,1,1,1
IUJ38_RS01200,,-50,ATTTAT,-0.0913,1,1,1,1,1
IUJ38_RS01205,ssaI,-92,ATTTTA,-0.0185,1,1,1,1,1
IUJ38_RS01210,ssaJ,-88,ATTATA,-0.0687,1,1,1,1,1
IUJ38_RS01215,,-43,ATTTTT,0.0,1,1,1,1,1
IUJ38_RS01220,ssaK,-75,ATTATT,-0.0503,1,1,1,1,1
IUJ38_RS01225,ssaL,-47,ATTTTC,-0.084,1,1,1,1,1
IUJ38_RS01230,ssaM,-44,ATATTT,-0.0583,1,1,1,1,1
IUJ38_RS01235,ssaV,-20,ATAAAA,-0.2183,1,1,1,1,1
IUJ38_RS01240,ssaN,-85,ATTTTG,-0.2963,1,1,1,1,1
IUJ38_RS01245,ssaO,-81,ATTTTT,0.0,1,1,1,1,1
IUJ38_RS01250,ssaP,-51,ATTTTA,-0.0185,1,1,1,1,1
IUJ38_RS01255,ssaQ,-22,ATAATT,-0.1086,1,1,1,1,1
IUJ38_RS01260,ssaR,-53,ATAATA,-0.1271,1,1,1,1,1
IUJ38_RS01265,ssas,-57,ATTTTT,0.0,1,1,1,1,1
IUJ38_RS01270,ssaT,-44,ATTATA,-0.0687,1,1,1,1,1
IUJ38_RS01275,ssaU,-36,ATTTTA,-0.0185,1,1,1,1,1
IUJ38_RS01295,,-22,ATTTAT,-0.0913,1,1,1,1,1
IUJ38_RS01310,punR,-17,ATTTTT,0.0,1,1,1,1,1
IUJ38_RS01320,,-70,ATTTTT,0.0,1,1,1,1,1
IUJ38_RS01335,grxD,-72,ATTTTC,-0.084,1,1,1,1,1
IUJ38_RS01360,,-55,ATAATG,-0.4048,1,1,1,1,1
IUJ38_RS01365,,-24,ATTATT,-0.0503,1,1,1,1,1
IUJ38_RS01370,sodC2,-38,TTTACA,-0.525,1,1,1,1,1
IUJ38_RS01390,slyA,-11,ATTATA,-0.0687,1,1,1,1,1
IUJ38_RS01400,anmK,-15,TTAAAA,-0.2967,1,1,1,1,1
IUJ38_RS01405,mliC,-83,ATTTTT,0.0,1,1,1,1,1
IUJ38_RS01410,pdxH,-19,ATTATT,-0.0503,1,1,1,1,1
IUJ38_RS01415,tyrS,-19,TTTATA,-0.1472,1,1,1,1,1
IUJ38_RS01420,pdxY,-23,ATTTTT,0.0,1,1,1,1,1
IUJ38_RS01485,,-94,TTAATC,-0.271,1,1,1,1,1
IUJ38_RS01515,fumB,-95,TTAAAA,-0.2967,1,1,1,1,1
IUJ38_RS01520,fumC,-74,TTAATA,-0.2055,1,1,1,1,1
IUJ38_RS01550,,-24,TTATTA,-0.1552,1,1,1,1,1
IUJ38_RS01570,pntA,-83,ATTTAC,-0.1753,1,1,1,1,1
IUJ38_RS01575,pntB,-69,ATATTT,-0.0583,1,1,1,1,1
IUJ38_RS24255,,-40,ATATTT,-0.0583,1,1,1,1,1
IUJ38_RS01585,mdtJ,-62,ATTTTT,0.0,1,1,1,1,1
IUJ38_RS01590,mdtI,-46,AAATCA,-0.6502,1,1,1,1,1
IUJ38_RS01605,,-56,ATTTTT,0.0,1,1,1,1,1
IUJ38_RS01615,,-32,ATATTA,-0.0768,1,1,1,1,1
IUJ38_RS01620,mlc,-35,ATTATT,-0.0503,1,1,1,1,1
IUJ38_RS01625,bioD,-47,ATTATT,-0.0503,1,1,1,1,1
IUJ38_RS01685,,-66,ATTTTT,0.0,1,1,1,1,1
IUJ38_RS01700,,-35,ATTATC,-0.1343,1,1,1,1,1
IUJ38_RS01705,rspA,-81,TTTTTA,-0.0969,1,1,1,1,1
IUJ38_RS01710,,-78,AATATC,-0.3299,1,1,1,1,1
IUJ38_RS01720,,-79,TTAATT,-0.187,1,1,1,1,1
IUJ38_RS01740,dcp,-17,ATTTTC,-0.084,1,1,1,1,1
IUJ38_RS01745,,-36,ATATTT,-0.0583,1,1,1,1,1
IUJ38_RS01755,,-99,ATTTTA,-0.0185,1,1,1,1,1
IUJ38_RS01770,eamA,-22,ATTTTA,-0.0185,1,1,1,1,1
IUJ38_RS01790,,-92,ATATTA,-0.0768,1,1,1,1,1
IUJ38_RS01805,sad,-63,ATTTTT,0.0,1,1,1,1,1
IUJ38_RS01810,glsB,-29,TTTTCA,-0.4747,1,1,1,1,1
IUJ38_RS01815,,-33,ATTAAC,-0.2255,1,1,1,1,1
IUJ38_RS01820,,-23,TTTTTC,-0.1624,1,1,1,1,1
IUJ38_RS01830,ompC,-7,ATATAA,-0.1681,1,1,1,1,1
IUJ38_RS01880,,-20,ATTTTA,-0.0185,1,1,1,1,1
IUJ38_RS01885,,-49,ATAAAT,-0.1998,1,1,1,1,1
IUJ38_RS01915,,-26,ATTATG,-0.3465,1,1,1,1,1
IUJ38_RS01920,,-87,ATTTTC,-0.084,1,1,1,1,1
IUJ38_RS01945,,-83,ATTATT,-0.0503,1,1,1,1,1
IUJ38_RS01950,,-63,ATATAT,-0.1496,1,1,1,1,1
IUJ38_RS01965,,-100,TTTATA,-0.1472,1,1,1,1,1
IUJ38_RS01970,nhaC,-90,TAATCG,-1.0064,0,1,1,1,1
IUJ38_RS01975,,-93,ATTTAT,-0.0913,1,1,1,1,1
IUJ38_RS02010,bdm,-74,ATATTT,-0.0583,1,1,1,1,1
IUJ38_RS02015,sra,-31,TTAAAA,-0.2967,1,1,1,1,1
IUJ38_RS02020,,-90,TTTATA,-0.1472,1,1,1,1,1
IUJ38_RS02025,adhP,-83,ATATTA,-0.0768,1,1,1,1,1
IUJ38_RS02045,yddG,-35,TTTATT,-0.1287,1,1,1,1,1
IUJ38_RS02050,ompD,-9,ATTATT,-0.0503,1,1,1,1,1
IUJ38_RS02055,,-20,ATTTTA,-0.0185,1,1,1,1,1
IUJ38_RS02065,,-97,AAATTT,-0.2539,1,1,1,1,1
IUJ38_RS02070,,-45,TTTTTT,-0.0784,1,1,1,1,1
IUJ38_RS02075,,-24,ATTTAT,-0.0913,1,1,1,1,1
IUJ38_RS02080,narH,-50,ATTAAC,-0.2255,1,1,1,1,1
IUJ38_RS02085,narW,-38,AATATC,-0.3299,1,1,1,1,1
IUJ38_RS02090,narI,-67,ATTATC,-0.1343,1,1,1,1,1
IUJ38_RS02095,,-70,AAAAAC,-0.4794,1,1,1,1,1
IUJ38_RS02110,ansP,-36,ATTTTT,0.0,1,1,1,1,1
IUJ38_RS02125,pqqU,-6,ATTTTC,-0.084,1,1,1,1,1
IUJ38_RS02140,mddA,-59,ATTTAT,-0.0913,1,1,1,1,1
IUJ38_RS02145,,-74,AAATTT,-0.2539,1,1,1,1,1
IUJ38_RS02155,srfA,-78,TTTTTG,-0.3747,1,1,1,1,1
IUJ38_RS02160,,-25,TTTAAA,-0.2384,1,1,1,1,1
IUJ38_RS02165,srfC,-78,ATTAAA,-0.16,1,1,1,1,1
IUJ38_RS02175,yncL,-62,ATTATT,-0.0503,1,1,1,1,1
IUJ38_RS02205,sifB,-61,ATATTT,-0.0583,1,1,1,1,1
IUJ38_RS02210,,-44,ATTATT,-0.0503,1,1,1,1,1
IUJ38_RS02225,,-92,ATTTTC,-0.084,1,1,1,1,1
IUJ38_RS02245,ydcK,-74,ATTTTA,-0.0185,1,1,1,1,1
IUJ38_RS02255,,-22,TTTTAT,-0.1697,1,1,1,1,1
IUJ38_RS02260,sgcB,-81,TTTACT,-0.5065,1,1,1,1,1
IUJ38_RS02265,sgcC,-47,ATTAAA,-0.16,1,1,1,1,1
IUJ38_RS02270,sgcQ,-78,TTATTG,-0.433,1,1,1,1,1
IUJ38_RS02275,sgcA,-92,ATAACT,-0.4864,1,1,1,1,1
IUJ38_RS02280,,-30,ATTAAC,-0.2255,1,1,1,1,1
IUJ38_RS02285,,-69,TTATTC,-0.2208,1,1,1,1,1
IUJ38_RS02290,aac(6'),-57,TTATCA,-0.533,1,1,1,1,1
IUJ38_RS02320,,-74,ATATTT,-0.0583,1,1,1,1,1
IUJ38_RS02340,steB,-63,ATTTTT,0.0,1,1,1,1,1
IUJ38_RS02350,sseJ,-41,ATTATT,-0.0503,1,1,1,1,1
IUJ38_RS02360,,-40,ATTTAT,-0.0913,1,1,1,1,1
IUJ38_RS02365,,-42,AAAATA,-0.3226,1,1,1,1,1
IUJ38_RS02370,,-87,ATTATT,-0.0503,1,1,1,1,1
IUJ38_RS02375,,-21,TTTTTT,-0.0784,1,1,1,1,1
IUJ38_RS02380,,-88,ATTTTT,0.0,1,1,1,1,1
IUJ38_RS02385,,-19,ATTATT,-0.0503,1,1,1,1,1
IUJ38_RS02405,azoR,-67,ATATTT,-0.0583,1,1,1,1,1
IUJ38_RS02430,ldhA,-68,ATTTTT,0.0,1,1,1,1,1
IUJ38_RS02435,hslJ,-81,ATTTTC,-0.084,1,1,1,1,1
IUJ38_RS02445,,-51,AATTCG,-0.8696,1,1,1,1,1
IUJ38_RS02450,nifJ,-26,TTTTTT,-0.0784,1,1,1,1,1
IUJ38_RS02455,uspF,-31,AATTTC,-0.2796,1,1,1,1,1
IUJ38_RS02470,ttcA,-24,ATTTAG,-0.3875,1,1,1,1,1
IUJ38_RS02495,ogt,-79,TTTTAA,-0.1882,1,1,1,1,1
IUJ38_RS02500,fnr,-89,ATTATT,-0.0503,1,1,1,1,1
IUJ38_RS02505,uspE,-56,ATATTT,-0.0583,1,1,1,1,1
IUJ38_RS02515,,-97,TTTTTA,-0.0969,1,1,1,1,1
IUJ38_RS02525,,-55,TTTTTT,-0.0784,1,1,1,1,1
IUJ38_RS02555,,-25,ATATTT,-0.0583,1,1,1,1,1
IUJ38_RS02560,,-20,ATTAAA,-0.16,1,1,1,1,1
IUJ38_RS02575,bdcA,-21,AATATC,-0.3299,1,1,1,1,1
IUJ38_RS02590,,-97,ATTTAT,-0.0913,1,1,1,1,1
IUJ38_RS02600,mpaA,-66,ATAATC,-0.1926,1,1,1,1,1
IUJ38_RS02610,tpx,-6,ATAATT,-0.1086,1,1,1,1,1
IUJ38_RS02655,pspF,-9,ATTTTC,-0.084,1,1,1,1,1
IUJ38_RS02660,sapA,-64,ATTTTT,0.0,1,1,1,1,1
IUJ38_RS02665,sapB,-85,ATATTA,-0.0768,1,1,1,1,1
IUJ38_RS02670,sapC,-45,ATATTT,-0.0583,1,1,1,1,1
IUJ38_RS02675,sapD,-20,ATTATT,-0.0503,1,1,1,1,1
IUJ38_RS02680,sapF,-30,ATTTTC,-0.084,1,1,1,1,1
IUJ38_RS02695,,-12,ATTATA,-0.0687,1,1,1,1,1
IUJ38_RS02700,,-100,ATTTTT,0.0,1,1,1,1,1
IUJ38_RS02705,fabI,-95,ATAATT,-0.1086,1,1,1,1,1
IUJ38_RS02710,,-34,ATTATC,-0.1343,1,1,1,1,1
IUJ38_RS02715,,-93,ATTAAC,-0.2255,1,1,1,1,1
IUJ38_RS02720,pdeR,-59,ATTTAT,-0.0913,1,1,1,1,1
IUJ38_RS02725,,-74,ATTTTT,0.0,1,1,1,1,1
IUJ38_RS02730,,-81,ATTATT,-0.0503,1,1,1,1,1
IUJ38_RS02735,osmB,-60,ATTTTA,-0.0185,1,1,1,1,1
IUJ38_RS02765,ribA,-17,ATAATC,-0.1926,1,1,1,1,1
IUJ38_RS02800,,-58,ATATTT,-0.0583,1,1,1,1,1
IUJ38_RS02810,,-72,ATAAAC,-0.2838,1,1,1,1,1
IUJ38_RS02815,cobO,-100,ATATTA,-0.0768,1,1,1,1,1
IUJ38_RS02835,trpL,-57,ATTATT,-0.0503,1,1,1,1,1
IUJ38_RS02840,,-30,TTTTTT,-0.0784,1,1,1,1,1
IUJ38_RS02845,trpD,-62,AATAAA,-0.3556,1,1,1,1,1
IUJ38_RS02850,trpCF,-6,TAAATA,-0.4011,1,1,1,1,1
IUJ38_RS02855,trpB,-95,ATTTTA,-0.0185,1,1,1,1,1
IUJ38_RS02860,trpA,-52,ATAAAG,-0.4961,1,1,1,1,1
IUJ38_RS02865,,-35,ATTTTT,0.0,1,1,1,1,1
IUJ38_RS02870,,-100,ATAATT,-0.1086,1,1,1,1,1
IUJ38_RS02875,,-72,ATTTTT,0.0,1,1,1,1,1
IUJ38_RS02880,,-65,ATTTTT,0.0,1,1,1,1,1
IUJ38_RS02890,,-17,TTTTTT,-0.0784,1,1,1,1,1
IUJ38_RS02895,,-30,ATTAAC,-0.2255,1,1,1,1,1
IUJ38_RS02900,,-60,ATAATC,-0.1926,1,1,1,1,1
IUJ38_RS02905,yciA,-25,ATTTTT,0.0,1,1,1,1,1
IUJ38_RS02915,,-25,TTTTAC,-0.2537,1,1,1,1,1
IUJ38_RS02925,cls,-12,ATTTTT,0.0,1,1,1,1,1
IUJ38_RS02930,,-60,TTTTAC,-0.2537,1,1,1,1,1
IUJ38_RS02970,adhE,-87,ATTTAT,-0.0913,1,1,1,1,1
IUJ38_RS02980,hns,-47,ATTATT,-0.0503,1,1,1,1,1
IUJ38_RS03000,,-6,ATTATT,-0.0503,1,1,1,1,1
IUJ38_RS03005,purU,-12,ATTTTT,0.0,1,1,1,1,1
IUJ38_RS03075,narX,-49,TTTTTT,-0.0784,1,1,1,1,1
IUJ38_RS03080,narL,-43,TTTATT,-0.1287,1,1,1,1,1
IUJ38_RS03090,,-86,ATTTTA,-0.0185,1,1,1,1,1
IUJ38_RS03100,chaA,-56,ATTTTT,0.0,1,1,1,1,1
IUJ38_RS03135,lolB,-35,ATTATT,-0.0503,1,1,1,1,1
IUJ38_RS03140,ispE,-32,ATTAAG,-0.4378,1,1,1,1,1
IUJ38_RS03145,prs,-90,TTAATA,-0.2055,1,1,1,1,1
IUJ38_RS03150,dauA,-6,ATTATT,-0.0503,1,1,1,1,1
IUJ38_RS03160,pth,-97,ATTATT,-0.0503,1,1,1,1,1
IUJ38_RS03165,ychF,-29,ATTATT,-0.0503,1,1,1,1,1
IUJ38_RS03175,hyaA,-91,ATTTAC,-0.1753,1,1,1,1,1
IUJ38_RS03180,hyaB,-10,ATAAAC,-0.2838,1,1,1,1,1
IUJ38_RS03185,hyaC,-9,AAAAGA,-1.0126,0,1,1,1,1
IUJ38_RS03190,hyaD,-34,ATAAAT,-0.1998,1,1,1,1,1
IUJ38_RS03195,hyaE,-75,ATAAAT,-0.1998,1,1,1,1,1
IUJ38_RS03200,,-35,ATAGTT,-10.8979,0,0,0,0,0
IUJ38_RS03205,appC,-32,TTTTTA,-0.0969,1,1,1,1,1
IUJ38_RS03210,appB,-15,ATAAAG,-0.4961,1,1,1,1,1
IUJ38_RS03215,cbdX,-20,TTTATT,-0.1287,1,1,1,1,1
IUJ38_RS03220,,-27,ATATTA,-0.0768,1,1,1,1,1
IUJ38_RS03225,,-98,AAAATA,-0.3226,1,1,1,1,1
IUJ38_RS03235,ycgR,-98,ATTTAT,-0.0913,1,1,1,1,1
IUJ38_RS03245,ldcA,-51,ATATAT,-0.1496,1,1,1,1,1
IUJ38_RS03265,,-75,TTTTTT,-0.0784,1,1,1,1,1
IUJ38_RS03275,nhaB,-25,ATTTTT,0.0,1,1,1,1,1
IUJ38_RS03280,dsbB,-80,ATTATT,-0.0503,1,1,1,1,1
IUJ38_RS03285,,-43,ATATTA,-0.0768,1,1,1,1,1
IUJ38_RS03315,minC,-85,ATAATA,-0.1271,1,1,1,1,1
IUJ38_RS03320,minD,-6,ATTTTT,0.0,1,1,1,1,1
IUJ38_RS03325,minE,-7,ATAAAT,-0.1998,1,1,1,1,1
IUJ38_RS03355,,-8,AATAAG,-0.6334,1,1,1,1,1
IUJ38_RS03365,pabB,-51,ATTATT,-0.0503,1,1,1,1,1
IUJ38_RS03370,,-35,TTAATC,-0.271,1,1,1,1,1
IUJ38_RS03375,sdaA,-6,ATTATC,-0.1343,1,1,1,1,1
IUJ38_RS03380,,-93,ATTTTT,0.0,1,1,1,1,1
IUJ38_RS03390,manX,-19,ATAATA,-0.1271,1,1,1,1,1
IUJ38_RS03395,manY,-78,ATTTAA,-0.1097,1,1,1,1,1
IUJ38_RS03400,,-42,AATAAC,-0.4211,1,1,1,1,1
IUJ38_RS03405,,-23,TTTTTT,-0.0784,1,1,1,1,1
IUJ38_RS03410,mntP,-30,TTTAAT,-0.22,1,1,1,1,1
IUJ38_RS03445,yobH,-84,ATTATA,-0.0687,1,1,1,1,1
IUJ38_RS03455,,-41,ATTATT,-0.0503,1,1,1,1,1
IUJ38_RS03480,yebS,-55,ATTATT,-0.0503,1,1,1,1,1
IUJ38_RS03485,,-75,TTTATT,-0.1287,1,1,1,1,1
IUJ38_RS03490,rsmF,-22,TTTTTT,-0.0784,1,1,1,1,1
IUJ38_RS03495,,-19,ATTAAC,-0.2255,1,1,1,1,1
IUJ38_RS03500,,-81,ATTTAT,-0.0913,1,1,1,1,1
IUJ38_RS03520,,-97,ATTATT,-0.0503,1,1,1,1,1
IUJ38_RS03525,,-68,ATAATT,-0.1086,1,1,1,1,1
IUJ38_RS03535,,-81,ATATCC,-0.5201,1,1,1,1,1
IUJ38_RS03540,,-18,ATTTTC,-0.084,1,1,1,1,1
IUJ38_RS03555,,-92,ATTTTT,0.0,1,1,1,1,1
IUJ38_RS03560,,-36,ATTATA,-0.0687,1,1,1,1,1
IUJ38_RS03565,,-60,ATTTTA,-0.0185,1,1,1,1,1
IUJ38_RS24285,,-75,TAATAA,-0.4421,1,1,1,1,1
IUJ38_RS03585,pagK,-19,ATTTAA,-0.1097,1,1,1,1,1
IUJ38_RS03605,,-56,ATTTTT,0.0,1,1,1,1,1
IUJ38_RS03610,,-62,ATTATT,-0.0503,1,1,1,1,1
IUJ38_RS03650,,-16,AAAAAA,-0.4139,1,1,1,1,1
IUJ38_RS03655,,-66,ATTATA,-0.0687,1,1,1,1,1
IUJ38_RS03660,exoX,-84,ATTACT,-0.4281,1,1,1,1,1
IUJ38_RS03685,purT,-69,ATTTAT,-0.0913,1,1,1,1,1
IUJ38_RS03705,,-99,ATTTTG,-0.2963,1,1,1,1,1
IUJ38_RS03710,pyk,-79,ATTTTA,-0.0185,1,1,1,1,1
IUJ38_RS03730,znuC,-93,ATTTTT,0.0,1,1,1,1,1
IUJ38_RS03735,znuB,-74,ATTTAT,-0.0913,1,1,1,1,1
IUJ38_RS03750,,-58,ATTAAT,-0.1415,1,1,1,1,1
IUJ38_RS03755,,-26,ATTTTA,-0.0185,1,1,1,1,1
IUJ38_RS03780,,-21,ATTTTT,0.0,1,1,1,1,1
IUJ38_RS03785,,-14,ATTTTA,-0.0185,1,1,1,1,1
IUJ38_RS03790,,-19,ATTTTA,-0.0185,1,1,1,1,1
IUJ38_RS03795,cmoA,-22,ATTTTT,0.0,1,1,1,1,1
IUJ38_RS03800,cmoB,-43,TTAATT,-0.187,1,1,1,1,1
IUJ38_RS03815,argS,-19,ATAAAC,-0.2838,1,1,1,1,1
IUJ38_RS03820,mrdA,-63,TTTTAC,-0.2537,1,1,1,1,1
IUJ38_RS03900,,-7,ATAATT,-0.1086,1,1,1,1,1
IUJ38_RS03905,uspC,-89,ATTAAT,-0.1415,1,1,1,1,1
IUJ38_RS03930,,-93,ATTTAT,-0.0913,1,1,1,1,1
IUJ38_RS03940,,-92,TTTAAT,-0.22,1,1,1,1,1
IUJ38_RS03945,ftnA,-84,ATTTTA,-0.0185,1,1,1,1,1
IUJ38_RS03955,tyrP,-68,AAAATA,-0.3226,1,1,1,1,1
IUJ38_RS04010,,-49,ATAATT,-0.1086,1,1,1,1,1
IUJ38_RS04015,,-83,ATTTTT,0.0,1,1,1,1,1
IUJ38_RS04070,fliD,-85,ATTTTT,0.0,1,1,1,1,1
IUJ38_RS04075,fliS,-54,TTATTT,-0.1367,1,1,1,1,1
IUJ38_RS04080,fliT,-59,AATATT,-0.2459,1,1,1,1,1
IUJ38_RS04085,amyA,-72,ATATTT,-0.0583,1,1,1,1,1
IUJ38_RS04095,yedE,-82,TTATTA,-0.1552,1,1,1,1,1
IUJ38_RS04100,yedF,-42,TTTTTT,-0.0784,1,1,1,1,1
IUJ38_RS04105,,-27,ATTTTT,0.0,1,1,1,1,1
IUJ38_RS04115,fliF,-82,ATTTTT,0.0,1,1,1,1,1
IUJ38_RS04120,fliG,-63,AAATGT,-0.9439,1,1,1,1,1
IUJ38_RS04125,fliH,-60,TTATTG,-0.433,1,1,1,1,1
IUJ38_RS04130,fliI,-90,TAAAGT,-1.0726,0,1,1,1,1
IUJ38_RS04135,fliJ,-87,ATTTTT,0.0,1,1,1,1,1
IUJ38_RS04140,fliK,-34,AATTTG,-0.4918,1,1,1,1,1
IUJ38_RS04145,fliL,-88,ATTATC,-0.1343,1,1,1,1,1
IUJ38_RS04150,fliM,-19,TTTATT,-0.1287,1,1,1,1,1
IUJ38_RS04155,fliN,-33,AATTTT,-0.1956,1,1,1,1,1
IUJ38_RS04160,fliO,-41,ATTATT,-0.0503,1,1,1,1,1
IUJ38_RS04165,fliP,-49,ATTTCC,-0.4618,1,1,1,1,1
IUJ38_RS04170,fliQ,-21,TTTTAC,-0.2537,1,1,1,1,1
IUJ38_RS04175,fliR,-95,ATTATC,-0.1343,1,1,1,1,1
IUJ38_RS04180,rcsA,-31,ATTATC,-0.1343,1,1,1,1,1
IUJ38_RS04190,yodD,-92,ATTTTC,-0.084,1,1,1,1,1
IUJ38_RS04195,,-37,AAATAA,-0.3636,1,1,1,1,1
IUJ38_RS04215,yedA,-72,ATTATA,-0.0687,1,1,1,1,1
IUJ38_RS04240,ompS1,-99,ATTTTT,0.0,1,1,1,1,1
IUJ38_RS04275,mtfA,-58,ATTTTA,-0.0185,1,1,1,1,1
IUJ38_RS04295,,-72,TTTTTT,-0.0784,1,1,1,1,1
IUJ38_RS04310,,-29,TTAAAC,-0.3623,1,1,1,1,1
IUJ38_RS04315,,-78,ATTAAC,-0.2255,1,1,1,1,1
IUJ38_RS04325,,-6,ATATTA,-0.0768,1,1,1,1,1
IUJ38_RS04335,,-45,ATTATT,-0.0503,1,1,1,1,1
IUJ38_RS04480,pduA,-93,ATTATT,-0.0503,1,1,1,1,1
IUJ38_RS04485,pduB,-26,AAAATC,-0.3882,1,1,1,1,1
IUJ38_RS04490,pduC,-45,AAAAAC,-0.4794,1,1,1,1,1
IUJ38_RS04495,pduD,-55,ATTAAA,-0.16,1,1,1,1,1
IUJ38_RS04500,pduE,-79,ATATTA,-0.0768,1,1,1,1,1
IUJ38_RS04505,pduG,-33,AAAAAA,-0.4139,1,1,1,1,1
IUJ38_RS04510,pduH,-75,ATATTC,-0.1423,1,1,1,1,1
IUJ38_RS04515,pduJ,-22,TTAATC,-0.271,1,1,1,1,1
IUJ38_RS04520,pduK,-24,ATTTTA,-0.0185,1,1,1,1,1
IUJ38_RS04525,,-69,AAAATG,-0.6004,1,1,1,1,1
IUJ38_RS04530,pduM,-37,ATAACC,-0.5704,1,1,1,1,1
IUJ38_RS04535,pduN,-22,ATTAAT,-0.1415,1,1,1,1,1
IUJ38_RS04540,pduO,-77,TTTTTT,-0.0784,1,1,1,1,1
IUJ38_RS04545,pduP,-98,ATATTA,-0.0768,1,1,1,1,1
IUJ38_RS04550,pduQ,-26,TTTTCT,-0.4562,1,1,1,1,1
IUJ38_RS04555,pduS,-56,ACTAAC,-11.1333,0,0,0,0,0
IUJ38_RS04560,pduT,-6,TTAACC,-0.6488,1,1,1,1,1
IUJ38_RS04565,pduU,-61,TTTACC,-0.5905,1,1,1,1,1
IUJ38_RS04570,pduV,-45,AAATGA,-0.9624,1,1,1,1,1
IUJ38_RS04575,pduW,-74,ATTTTT,0.0,1,1,1,1,1
IUJ38_RS04580,pduX,-51,TTTTAC,-0.2537,1,1,1,1,1
IUJ38_RS04625,sopA,-32,TTTTTC,-0.1624,1,1,1,1,1
IUJ38_RS04635,sbcB,-38,ATATTT,-0.0583,1,1,1,1,1
IUJ38_RS04660,hisL,-6,ATTTTT,0.0,1,1,1,1,1
IUJ38_RS04665,hisG,-55,TTTTTT,-0.0784,1,1,1,1,1
IUJ38_RS04670,hisD,-55,ATATTT,-0.0583,1,1,1,1,1
IUJ38_RS04675,hisC,-46,ATAAAA,-0.2183,1,1,1,1,1
IUJ38_RS04680,hisB,-94,ATAAAC,-0.2838,1,1,1,1,1
IUJ38_RS04685,hisH,-80,TTTAAA,-0.2384,1,1,1,1,1
IUJ38_RS04690,hisA,-82,ATAATT,-0.1086,1,1,1,1,1
IUJ38_RS04695,hisF,-24,ATTTAC,-0.1753,1,1,1,1,1
IUJ38_RS04700,hisIE,-42,ATTAAA,-0.16,1,1,1,1,1
IUJ38_RS04905,,-69,ATTTTT,0.0,1,1,1,1,1
IUJ38_RS04925,,-78,TTTATA,-0.1472,1,1,1,1,1
IUJ38_RS04935,yegD,-8,ATTTTA,-0.0185,1,1,1,1,1
IUJ38_RS04945,mdtA,-78,ATTTTT,0.0,1,1,1,1,1
IUJ38_RS04950,mdtB,-45,AAAATC,-0.3882,1,1,1,1,1
IUJ38_RS04955,mdtC,-72,ATTTAT,-0.0913,1,1,1,1,1
IUJ38_RS04960,,-59,TTTTTC,-0.1624,1,1,1,1,1
IUJ38_RS04965,baeS,-68,ATTTTT,0.0,1,1,1,1,1
IUJ38_RS04970,baeR,-16,ATTTAC,-0.1753,1,1,1,1,1
IUJ38_RS04975,,-6,ATTTTT,0.0,1,1,1,1,1
IUJ38_RS04980,,-86,AAAAAC,-0.4794,1,1,1,1,1
IUJ38_RS04985,,-28,ATTTTC,-0.084,1,1,1,1,1
IUJ38_RS04990,yegQ,-73,TTAAAG,-0.5745,1,1,1,1,1
IUJ38_RS04995,sseK2,-21,ATAATT,-0.1086,1,1,1,1,1
IUJ38_RS05010,yegS,-84,ATTTTC,-0.084,1,1,1,1,1
IUJ38_RS05020,,-53,ATTATT,-0.0503,1,1,1,1,1
IUJ38_RS05025,,-77,ATTTTC,-0.084,1,1,1,1,1
IUJ38_RS05030,,-67,TTAATC,-0.271,1,1,1,1,1
IUJ38_RS05050,rcnB,-81,AAAATA,-0.3226,1,1,1,1,1
IUJ38_RS05085,metG,-100,ATTATT,-0.0503,1,1,1,1,1
IUJ38_RS05090,,-39,ATTTTA,-0.0185,1,1,1,1,1
IUJ38_RS05095,,-50,ATAATC,-0.1926,1,1,1,1,1
IUJ38_RS05115,mlrA,-88,TTTTAA,-0.1882,1,1,1,1,1
IUJ38_RS05120,,-23,TTTATT,-0.1287,1,1,1,1,1
IUJ38_RS05150,dld,-29,ATATTT,-0.0583,1,1,1,1,1
IUJ38_RS05165,,-99,ATTTTA,-0.0185,1,1,1,1,1
IUJ38_RS05180,yohP,-23,ATTTAC,-0.1753,1,1,1,1,1
IUJ38_RS05215,,-92,TTTTTA,-0.0969,1,1,1,1,1
IUJ38_RS05220,,-40,TTAATT,-0.187,1,1,1,1,1
IUJ38_RS05225,,-76,TTTTTG,-0.3747,1,1,1,1,1
IUJ38_RS05230,cdd,-60,ATATTA,-0.0768,1,1,1,1,1
IUJ38_RS05235,sanA,-91,AAAATC,-0.3882,1,1,1,1,1
IUJ38_RS05240,,-11,AAAAAA,-0.4139,1,1,1,1,1
IUJ38_RS05245,,-67,ATTTTA,-0.0185,1,1,1,1,1
IUJ38_RS05250,preA,-22,ATTATT,-0.0503,1,1,1,1,1
IUJ38_RS05285,fghA,-61,ATAATC,-0.1926,1,1,1,1,1
IUJ38_RS05300,serB,-33,ATTATA,-0.0687,1,1,1,1,1
IUJ38_RS05305,,-8,ATTTTA,-0.0185,1,1,1,1,1
IUJ38_RS05325,,-51,ATTTTT,0.0,1,1,1,1,1
IUJ38_RS05330,nfo,-78,ATTATT,-0.0503,1,1,1,1,1
IUJ38_RS05350,setB,-90,ATTTTT,0.0,1,1,1,1,1
IUJ38_RS05370,yeiP,-33,ATTTTA,-0.0185,1,1,1,1,1
IUJ38_RS05375,,-43,ATTATT,-0.0503,1,1,1,1,1
IUJ38_RS05380,,-18,TTTAAA,-0.2384,1,1,1,1,1
IUJ38_RS05385,mepS,-50,ATTTTT,0.0,1,1,1,1,1
IUJ38_RS05390,,-52,ATAAAT,-0.1998,1,1,1,1,1
IUJ38_RS05395,,-61,ATTATT,-0.0503,1,1,1,1,1
IUJ38_RS05400,,-82,ATATAC,-0.2336,1,1,1,1,1
IUJ38_RS05405,,-94,TTTATA,-0.1472,1,1,1,1,1
IUJ38_RS05410,yejF,-55,ATTTTT,0.0,1,1,1,1,1
IUJ38_RS05430,,-17,TTTAAC,-0.304,1,1,1,1,1
IUJ38_RS05435,rplY,-20,ATTATT,-0.0503,1,1,1,1,1
IUJ38_RS05450,,-71,ATAAAA,-0.2183,1,1,1,1,1
IUJ38_RS05455,yejM,-34,TAAAAA,-0.4923,1,1,1,1,1
IUJ38_RS05470,,-14,TTAACC,-0.6488,1,1,1,1,1
IUJ38_RS05475,,-86,ATTTTA,-0.0185,1,1,1,1,1
IUJ38_RS05510,,-82,ATTTTT,0.0,1,1,1,1,1
IUJ38_RS05545,,-7,TTTTTT,-0.0784,1,1,1,1,1
IUJ38_RS05555,narP,-85,ATTTAC,-0.1753,1,1,1,1,1
IUJ38_RS05635,eco,-72,ATAATA,-0.1271,1,1,1,1,1
IUJ38_RS05665,rcsD,-50,TTTATA,-0.1472,1,1,1,1,1
IUJ38_RS05670,rcsB,-59,ATATAT,-0.1496,1,1,1,1,1
IUJ38_RS05695,,-70,ATTTTC,-0.084,1,1,1,1,1
IUJ38_RS05700,ubiG,-67,ATATAA,-0.1681,1,1,1,1,1
IUJ38_RS05705,nrdA,-39,ATTTTT,0.0,1,1,1,1,1
IUJ38_RS05710,nrdB,-17,ATAAAG,-0.4961,1,1,1,1,1
IUJ38_RS05715,yfaE,-14,AATTTC,-0.2796,1,1,1,1,1
IUJ38_RS05725,,-23,ATTATA,-0.0687,1,1,1,1,1
IUJ38_RS05740,glpA,-91,ATTTTC,-0.084,1,1,1,1,1
IUJ38_RS05745,glpB,-39,TTTATC,-0.2127,1,1,1,1,1
IUJ38_RS05750,glpC,-28,ATATCG,-0.7324,1,1,1,1,1
IUJ38_RS05755,sseL,-65,ATTTTT,0.0,1,1,1,1,1
IUJ38_RS05795,nudI,-68,ATTTTT,0.0,1,1,1,1,1
IUJ38_RS05805,arnB,-39,ATATTT,-0.0583,1,1,1,1,1
IUJ38_RS05810,arnC,-35,ATTACC,-0.5121,1,1,1,1,1
IUJ38_RS05815,arnA,-89,ATTTAT,-0.0913,1,1,1,1,1
IUJ38_RS05820,arnD,-19,ATATCG,-0.7324,1,1,1,1,1
IUJ38_RS05825,arnT,-67,AAATTG,-0.5502,1,1,1,1,1
IUJ38_RS05830,arnE,-40,ATTATC,-0.1343,1,1,1,1,1
IUJ38_RS05835,arnF,-38,ATTATC,-0.1343,1,1,1,1,1
IUJ38_RS05885,rbn,-30,TTAAAC,-0.3623,1,1,1,1,1
IUJ38_RS05890,,-88,ATTTTT,0.0,1,1,1,1,1
IUJ38_RS05900,,-60,ATTTTT,0.0,1,1,1,1,1
IUJ38_RS05980,alaA,-25,AATAAC,-0.4211,1,1,1,1,1
IUJ38_RS05985,yfbR,-97,ATAATC,-0.1926,1,1,1,1,1
IUJ38_RS06010,ackA,-34,TTTTTT,-0.0784,1,1,1,1,1
IUJ38_RS06015,pta,-7,ATAAAC,-0.2838,1,1,1,1,1
IUJ38_RS06020,yfcC,-89,ATTTTT,0.0,1,1,1,1,1
IUJ38_RS06050,,-86,ATTTAA,-0.1097,1,1,1,1,1
IUJ38_RS06070,yfcG,-41,TTAATT,-0.187,1,1,1,1,1
IUJ38_RS06075,,-52,ATTAAA,-0.16,1,1,1,1,1
IUJ38_RS06130,,-92,ATTTTC,-0.084,1,1,1,1,1
IUJ38_RS06180,flk,-25,ATTTAT,-0.0913,1,1,1,1,1
IUJ38_RS06195,,-53,ATTTTT,0.0,1,1,1,1,1
IUJ38_RS06200,,-21,ATTTTA,-0.0185,1,1,1,1,1
IUJ38_RS06205,,-79,ATTTTA,-0.0185,1,1,1,1,1
IUJ38_RS06220,mnmC,-64,AAATTT,-0.2539,1,1,1,1,1
IUJ38_RS06255,smrB,-73,AAAATC,-0.3882,1,1,1,1,1
IUJ38_RS06280,fadL,-21,ATAATC,-0.1926,1,1,1,1,1
IUJ38_RS06290,,-87,ATTTTT,0.0,1,1,1,1,1
IUJ38_RS06320,pgtP,-75,ATTTTA,-0.0185,1,1,1,1,1
IUJ38_RS06330,lpxP,-29,ATTATT,-0.0503,1,1,1,1,1
IUJ38_RS06335,ypdK,-96,ATAATT,-0.1086,1,1,1,1,1
IUJ38_RS06350,,-35,AAAATA,-0.3226,1,1,1,1,1
IUJ38_RS06360,mgrA,-28,ATTTAT,-0.0913,1,1,1,1,1
IUJ38_RS06365,ypeC,-92,ATTTAA,-0.1097,1,1,1,1,1
IUJ38_RS06375,nupC,-15,ATATTT,-0.0583,1,1,1,1,1
IUJ38_RS06395,,-46,ATAAAA,-0.2183,1,1,1,1,1
IUJ38_RS06400,,-6,AATAAT,-0.3371,1,1,1,1,1
IUJ38_RS06450,,-63,ATATTT,-0.0583,1,1,1,1,1
IUJ38_RS06460,,-57,ATTTTA,-0.0185,1,1,1,1,1
IUJ38_RS06480,cysZ,-96,TTTTTT,-0.0784,1,1,1,1,1
IUJ38_RS06485,cysK,-25,AATTTC,-0.2796,1,1,1,1,1
IUJ38_RS06490,ptsH,-7,AAATAC,-0.4292,1,1,1,1,1
IUJ38_RS06495,ptsI,-47,TTTTTT,-0.0784,1,1,1,1,1
IUJ38_RS06500,crr,-22,ATTTAC,-0.1753,1,1,1,1,1
IUJ38_RS06515,ptsJ,-79,ATTTTC,-0.084,1,1,1,1,1
IUJ38_RS06520,,-75,ATTAAA,-0.16,1,1,1,1,1
IUJ38_RS06525,,-8,ATTATT,-0.0503,1,1,1,1,1
IUJ38_RS06530,,-58,TTATTT,-0.1367,1,1,1,1,1
IUJ38_RS06585,amiA,-20,ATTTTC,-0.084,1,1,1,1,1
IUJ38_RS06590,hemF,-49,ATTTTC,-0.084,1,1,1,1,1
IUJ38_RS06595,,-17,ATTTAT,-0.0913,1,1,1,1,1
IUJ38_RS06600,,-23,AATTTG,-0.4918,1,1,1,1,1
IUJ38_RS06700,tal,-8,TATTTC,-0.358,1,1,1,1,1
IUJ38_RS06705,tkt,-23,ATAAAC,-0.2838,1,1,1,1,1
IUJ38_RS06725,pbp4b,-100,ATTTTT,0.0,1,1,1,1,1
IUJ38_RS06735,narQ,-54,ATTTAT,-0.0913,1,1,1,1,1
IUJ38_RS06740,acrD,-90,TTTATT,-0.1287,1,1,1,1,1
IUJ38_RS06750,,-35,ATTATT,-0.0503,1,1,1,1,1
IUJ38_RS06755,dapE,-21,TTTTTT,-0.0784,1,1,1,1,1
IUJ38_RS06760,,-51,ATTATG,-0.3465,1,1,1,1,1
IUJ38_RS06790,,-52,TTTTTT,-0.0784,1,1,1,1,1
IUJ38_RS06795,bcp,-89,TTTAAA,-0.2384,1,1,1,1,1
IUJ38_RS06810,bepA,-52,ATATTT,-0.0583,1,1,1,1,1
IUJ38_RS06815,arsC,-33,TTTATT,-0.1287,1,1,1,1,1
IUJ38_RS06835,purM,-41,ATTTAA,-0.1097,1,1,1,1,1
IUJ38_RS06840,purN,-53,AAAATC,-0.3882,1,1,1,1,1
IUJ38_RS06845,ppk1,-88,ATTTTT,0.0,1,1,1,1,1
IUJ38_RS06850,ppx,-43,ATTTAT,-0.0913,1,1,1,1,1
IUJ38_RS06865,,-66,ATAATA,-0.1271,1,1,1,1,1
IUJ38_RS06875,,-49,ATATTA,-0.0768,1,1,1,1,1
IUJ38_RS06895,xseA,-88,ATTTTT,0.0,1,1,1,1,1
IUJ38_RS07005,sseA,-26,ATAATC,-0.1926,1,1,1,1,1
IUJ38_RS07010,,-18,ATTTTT,0.0,1,1,1,1,1
IUJ38_RS07015,timP,-49,ATTATC,-0.1343,1,1,1,1,1
IUJ38_RS07075,suhB,-99,ATTATT,-0.0503,1,1,1,1,1
IUJ38_RS07080,,-97,TTTTTC,-0.1624,1,1,1,1,1
IUJ38_RS07085,asrA,-57,ATTTTT,0.0,1,1,1,1,1
IUJ38_RS07090,asrB,-67,ATTTTC,-0.084,1,1,1,1,1
IUJ38_RS07095,asrC,-49,ATATTT,-0.0583,1,1,1,1,1
IUJ38_RS07110,csiE,-59,ATTTTT,0.0,1,1,1,1,1
IUJ38_RS07125,hmpA,-57,ATTTTT,0.0,1,1,1,1,1
IUJ38_RS07130,cadC,-39,ATTATT,-0.0503,1,1,1,1,1
IUJ38_RS07135,cadB,-52,ATATAT,-0.1496,1,1,1,1,1
IUJ38_RS07140,cadA,-71,TTTTTC,-0.1624,1,1,1,1,1
IUJ38_RS07145,dtpD,-25,TTTTTT,-0.0784,1,1,1,1,1
IUJ38_RS07175,,-75,TTTATT,-0.1287,1,1,1,1,1
IUJ38_RS07180,mltF,-73,ATTAAT,-0.1415,1,1,1,1,1
IUJ38_RS07205,,-100,ATTTTT,0.0,1,1,1,1,1
IUJ38_RS07220,,-50,ATTTTT,0.0,1,1,1,1,1
IUJ38_RS07225,,-9,AATTTC,-0.2796,1,1,1,1,1
IUJ38_RS07265,gogB,-26,ATAAAT,-0.1998,1,1,1,1,1
IUJ38_RS24135,,-69,ATTTTT,0.0,1,1,1,1,1
IUJ38_RS07270,,-16,ATTTAC,-0.1753,1,1,1,1,1
IUJ38_RS07295,pagK,-19,ATTTAA,-0.1097,1,1,1,1,1
IUJ38_RS07370,,-25,ATTTTC,-0.084,1,1,1,1,1
IUJ38_RS07425,pliG,-28,ATTTTA,-0.0185,1,1,1,1,1
IUJ38_RS07445,gogA,-48,ATTTAT,-0.0913,1,1,1,1,1
IUJ38_RS07535,,-85,ATTATC,-0.1343,1,1,1,1,1
IUJ38_RS07540,,-6,ATTTTT,0.0,1,1,1,1,1
IUJ38_RS07545,,-48,TTTTAA,-0.1882,1,1,1,1,1
IUJ38_RS07550,,-74,AATATT,-0.2459,1,1,1,1,1
IUJ38_RS07555,,-55,ATATAT,-0.1496,1,1,1,1,1
IUJ38_RS07560,,-6,ATTTTG,-0.2963,1,1,1,1,1
IUJ38_RS07565,,-45,TAATTG,-0.6286,1,1,1,1,1
IUJ38_RS07570,xis,-40,ATATTA,-0.0768,1,1,1,1,1
IUJ38_RS07605,nadB,-60,TTTTTA,-0.0969,1,1,1,1,1
IUJ38_RS07615,srmB,-29,ATAATC,-0.1926,1,1,1,1,1
IUJ38_RS07625,eamB,-55,ATTTTT,0.0,1,1,1,1,1
IUJ38_RS07635,ung,-61,ATTTTG,-0.2963,1,1,1,1,1
IUJ38_RS07645,trxC,-57,ATTATA,-0.0687,1,1,1,1,1
IUJ38_RS07650,tapT,-22,TTTTTC,-0.1624,1,1,1,1,1
IUJ38_RS07655,pat,-34,ATTATC,-0.1343,1,1,1,1,1
IUJ38_RS07665,pssA,-70,ATTATT,-0.0503,1,1,1,1,1
IUJ38_RS07670,,-66,ATTAAT,-0.1415,1,1,1,1,1
IUJ38_RS07720,bamD,-88,TTAATA,-0.2055,1,1,1,1,1
IUJ38_RS07725,raiA,-75,ATTTAC,-0.1753,1,1,1,1,1
IUJ38_RS07730,pheL,-62,TTTTTT,-0.0784,1,1,1,1,1
IUJ38_RS07735,pheA,-30,TTTTTT,-0.0784,1,1,1,1,1
IUJ38_RS07755,,-40,ATTTTA,-0.0185,1,1,1,1,1
IUJ38_RS07760,dgcN,-83,ATTTTC,-0.084,1,1,1,1,1
IUJ38_RS07790,,-42,TATACT,-0.7021,1,1,1,1,1
IUJ38_RS07795,,-43,ATATTA,-0.0768,1,1,1,1,1
IUJ38_RS07800,,-96,TTTTTT,-0.0784,1,1,1,1,1
IUJ38_RS07810,nadK,-79,TTATTA,-0.1552,1,1,1,1,1
IUJ38_RS07815,recN,-86,ATTTTA,-0.0185,1,1,1,1,1
IUJ38_RS07820,bamE,-51,ATATTA,-0.0768,1,1,1,1,1
IUJ38_RS07835,smpB,-69,ATTTTT,0.0,1,1,1,1,1
IUJ38_RS07840,bapA,-36,ATTAAT,-0.1415,1,1,1,1,1
IUJ38_RS07845,,-20,ATATTT,-0.0583,1,1,1,1,1
IUJ38_RS07850,,-38,TTAAAT,-0.2783,1,1,1,1,1
IUJ38_RS07855,,-24,AAAATC,-0.3882,1,1,1,1,1
IUJ38_RS07910,,-75,TTATTT,-0.1367,1,1,1,1,1
IUJ38_RS07915,,-87,TTTTTT,-0.0784,1,1,1,1,1
IUJ38_RS08015,,-68,TATTTG,-0.5703,1,1,1,1,1
IUJ38_RS08020,,-8,ATTTTT,0.0,1,1,1,1,1
IUJ38_RS08070,,-20,ATAAAA,-0.2183,1,1,1,1,1
IUJ38_RS08090,,-40,ATATTA,-0.0768,1,1,1,1,1
IUJ38_RS08095,,-99,AAAATT,-0.3042,1,1,1,1,1
IUJ38_RS08105,,-6,AATAAT,-0.3371,1,1,1,1,1
IUJ38_RS08110,,-43,ATTTAT,-0.0913,1,1,1,1,1
IUJ38_RS08120,,-79,TTTTTC,-0.1624,1,1,1,1,1
IUJ38_RS08125,,-39,TTAATC,-0.271,1,1,1,1,1
IUJ38_RS08130,,-89,ATTTAA,-0.1097,1,1,1,1,1
IUJ38_RS08135,,-85,ATTTAT,-0.0913,1,1,1,1,1
IUJ38_RS08145,,-28,ATTTAT,-0.0913,1,1,1,1,1
IUJ38_RS08150,srlA,-85,ATTAAC,-0.2255,1,1,1,1,1
IUJ38_RS08155,,-50,ATTATC,-0.1343,1,1,1,1,1
IUJ38_RS08160,srlE,-71,ATTCAT,-10.9309,0,0,0,0,0
IUJ38_RS08165,,-19,TTATTC,-0.2208,1,1,1,1,1
IUJ38_RS08170,,-6,ATTATA,-0.0687,1,1,1,1,1
IUJ38_RS08195,,-76,ATTTAT,-0.0913,1,1,1,1,1
IUJ38_RS08200,,-33,AATATT,-0.2459,1,1,1,1,1
IUJ38_RS08205,,-90,ATAAAA,-0.2183,1,1,1,1,1
IUJ38_RS08215,,-100,TTTTAC,-0.2537,1,1,1,1,1
IUJ38_RS08235,,-97,TTATTC,-0.2208,1,1,1,1,1
IUJ38_RS08250,hin,-88,ATTTTC,-0.084,1,1,1,1,1
IUJ38_RS08255,iroB,-81,ATTTTA,-0.0185,1,1,1,1,1
IUJ38_RS08260,iroC,-31,ATATCT,-0.4361,1,1,1,1,1
IUJ38_RS08265,,-25,ATATAA,-0.1681,1,1,1,1,1
IUJ38_RS08270,,-35,ATAAAA,-0.2183,1,1,1,1,1
IUJ38_RS08290,,-31,TTATAA,-0.2465,1,1,1,1,1
IUJ38_RS08295,,-68,ATTTTT,0.0,1,1,1,1,1
IUJ38_RS08315,,-61,ATAATC,-0.1926,1,1,1,1,1
IUJ38_RS08320,,-15,ATAATC,-0.1926,1,1,1,1,1
IUJ38_RS08325,,-14,TTAACG,-0.8611,1,1,1,1,1
IUJ38_RS08330,glaH,-71,ATTTTT,0.0,1,1,1,1,1
IUJ38_RS08335,lhgO,-45,ATTATC,-0.1343,1,1,1,1,1
IUJ38_RS08340,gabD,-34,ATTTAC,-0.1753,1,1,1,1,1
IUJ38_RS08345,gabT,-52,ATTATT,-0.0503,1,1,1,1,1
IUJ38_RS08350,gabP,-17,AATAAA,-0.3556,1,1,1,1,1
IUJ38_RS08355,csiR,-41,TTATTC,-0.2208,1,1,1,1,1
IUJ38_RS08370,,-40,ATTTTA,-0.0185,1,1,1,1,1
IUJ38_RS08375,,-45,ATTATC,-0.1343,1,1,1,1,1
IUJ38_RS08380,,-29,TTTATA,-0.1472,1,1,1,1,1
IUJ38_RS08390,alaE,-99,ATTATA,-0.0687,1,1,1,1,1
IUJ38_RS08400,,-48,AAAATA,-0.3226,1,1,1,1,1
IUJ38_RS08410,,-44,ATTATA,-0.0687,1,1,1,1,1
IUJ38_RS08415,nrdH,-22,ATTTTA,-0.0185,1,1,1,1,1
IUJ38_RS08420,nrdI,-38,ATTAAC,-0.2255,1,1,1,1,1
IUJ38_RS08425,nrdE,-88,AAAAAT,-0.3954,1,1,1,1,1
IUJ38_RS08430,nrdF,-95,TATTAA,-0.3838,1,1,1,1,1
IUJ38_RS08435,proV,-55,TATTTC,-0.358,1,1,1,1,1
IUJ38_RS08440,proW,-52,ATTATT,-0.0503,1,1,1,1,1
IUJ38_RS08445,proX,-18,ATAATT,-0.1086,1,1,1,1,1
IUJ38_RS08450,,-27,ATAATT,-0.1086,1,1,1,1,1
IUJ38_RS08455,mprA,-67,ATAATA,-0.1271,1,1,1,1,1
IUJ38_RS08460,emrA,-23,ATAATA,-0.1271,1,1,1,1,1
IUJ38_RS08465,emrB,-76,ATTAAT,-0.1415,1,1,1,1,1
IUJ38_RS08545,,-83,ATTTAT,-0.0913,1,1,1,1,1
IUJ38_RS08555,srlA,-97,TTTATT,-0.1287,1,1,1,1,1
IUJ38_RS08560,srlE,-62,ATTTTT,0.0,1,1,1,1,1
IUJ38_RS08565,srlB,-26,TTTATC,-0.2127,1,1,1,1,1
IUJ38_RS08570,srlD,-33,TATTTT,-0.274,1,1,1,1,1
IUJ38_RS08575,gutM,-19,AAAACA,-0.7004,1,1,1,1,1
IUJ38_RS08580,srlR,-29,TAAATA,-0.4011,1,1,1,1,1
IUJ38_RS08585,gutQ,-16,ATAACC,-0.5704,1,1,1,1,1
IUJ38_RS08595,norV,-96,ATATAA,-0.1681,1,1,1,1,1
IUJ38_RS08600,norW,-67,ATAACT,-0.4864,1,1,1,1,1
IUJ38_RS08665,hypA,-41,ATAAAT,-0.1998,1,1,1,1,1
IUJ38_RS08670,hypB,-73,ATTAAT,-0.1415,1,1,1,1,1
IUJ38_RS08675,hypC,-68,ATTATC,-0.1343,1,1,1,1,1
IUJ38_RS08680,hypD,-98,ATTAAC,-0.2255,1,1,1,1,1
IUJ38_RS08685,hypE,-99,TAAAAC,-0.5579,1,1,1,1,1
IUJ38_RS08690,flhA,-19,ATTTTC,-0.084,1,1,1,1,1
IUJ38_RS08700,sitA,-89,ATTATT,-0.0503,1,1,1,1,1
IUJ38_RS08705,sitB,-26,ATTAAC,-0.2255,1,1,1,1,1
IUJ38_RS08710,sitC,-38,TTTATT,-0.1287,1,1,1,1,1
IUJ38_RS08715,sitD,-65,ATTTTC,-0.084,1,1,1,1,1
IUJ38_RS08770,hilD,-57,ATTTTT,0.0,1,1,1,1,1
IUJ38_RS08775,hilA,-39,ATTATA,-0.0687,1,1,1,1,1
IUJ38_RS08780,iagB,-70,ATATTT,-0.0583,1,1,1,1,1
IUJ38_RS08895,invH,-76,TTATAA,-0.2465,1,1,1,1,1
IUJ38_RS08900,,-97,TTTTTA,-0.0969,1,1,1,1,1
IUJ38_RS08905,,-68,ATTTAC,-0.1753,1,1,1,1,1
IUJ38_RS08920,,-34,ATTATA,-0.0687,1,1,1,1,1
IUJ38_RS08925,,-71,ATTTTA,-0.0185,1,1,1,1,1
IUJ38_RS08935,pphB,-94,ATTTTA,-0.0185,1,1,1,1,1
IUJ38_RS08945,mutS,-84,ATTTAT,-0.0913,1,1,1,1,1
IUJ38_RS08960,,-6,ATAATT,-0.1086,1,1,1,1,1
IUJ38_RS08995,ygbI,-90,ATTTTT,0.0,1,1,1,1,1
IUJ38_RS09005,,-16,ATATTT,-0.0583,1,1,1,1,1
IUJ38_RS09010,,-22,ATTTTT,0.0,1,1,1,1,1
IUJ38_RS09015,,-72,ATTTAC,-0.1753,1,1,1,1,1
IUJ38_RS09030,,-54,ATTTTT,0.0,1,1,1,1,1
IUJ38_RS09085,,-15,ATTTAA,-0.1097,1,1,1,1,1
IUJ38_RS09130,sopD,-45,ATTTTA,-0.0185,1,1,1,1,1
IUJ38_RS09150,queD,-25,TTTTTT,-0.0784,1,1,1,1,1
IUJ38_RS09205,barA,-40,ATTTAA,-0.1097,1,1,1,1,1
IUJ38_RS09230,,-66,AAATTT,-0.2539,1,1,1,1,1
IUJ38_RS09255,queF,-54,ATAAAA,-0.2183,1,1,1,1,1
IUJ38_RS09260,ppnN,-43,TAATCA,-0.7286,1,1,1,1,1
IUJ38_RS09265,sdaC,-27,ATTTTT,0.0,1,1,1,1,1
IUJ38_RS09270,sdaB,-82,ATTTTC,-0.084,1,1,1,1,1
IUJ38_RS09275,xni,-69,TATTTC,-0.358,1,1,1,1,1
IUJ38_RS09290,fucP,-62,ATTTTA,-0.0185,1,1,1,1,1
IUJ38_RS09295,fucI,-70,ATTTTT,0.0,1,1,1,1,1
IUJ38_RS09300,fucK,-15,TTTATG,-0.4249,1,1,1,1,1
IUJ38_RS09305,fucU,-19,ATTATT,-0.0503,1,1,1,1,1
IUJ38_RS09310,fucR,-89,ATATTC,-0.1423,1,1,1,1,1
IUJ38_RS09335,csdA,-99,ATAATT,-0.1086,1,1,1,1,1
IUJ38_RS09340,csdE,-70,ATAATA,-0.1271,1,1,1,1,1
IUJ38_RS09345,rarD,-47,TTATAA,-0.2465,1,1,1,1,1
IUJ38_RS09375,argA,-23,ATAATT,-0.1086,1,1,1,1,1
IUJ38_RS09440,mutH,-24,ATTTTT,0.0,1,1,1,1,1
IUJ38_RS09445,,-100,ATTTTA,-0.0185,1,1,1,1,1
IUJ38_RS09450,,-59,ATTATC,-0.1343,1,1,1,1,1
IUJ38_RS09455,,-55,ATTTTT,0.0,1,1,1,1,1
IUJ38_RS09470,galR,-52,ATTTTC,-0.084,1,1,1,1,1
IUJ38_RS09475,,-15,ATTAAT,-0.1415,1,1,1,1,1
IUJ38_RS09485,,-98,TTTTTA,-0.0969,1,1,1,1,1
IUJ38_RS09520,,-11,TTTTTT,-0.0784,1,1,1,1,1
IUJ38_RS09525,,-55,ATTTAT,-0.0913,1,1,1,1,1
IUJ38_RS09535,,-90,ATTATA,-0.0687,1,1,1,1,1
IUJ38_RS09595,,-93,ATAATC,-0.1926,1,1,1,1,1
IUJ38_RS09600,,-95,ATATTA,-0.0768,1,1,1,1,1
IUJ38_RS09615,idi,-22,ATTTTA,-0.0185,1,1,1,1,1
IUJ38_RS09645,fldB,-79,ATTATG,-0.3465,1,1,1,1,1
IUJ38_RS09660,ygfZ,-31,ATTATT,-0.0503,1,1,1,1,1
IUJ38_RS09675,bglA,-76,AATTTT,-0.1956,1,1,1,1,1
IUJ38_RS09720,zapA,-71,TATAGT,-1.0143,0,1,1,1,1
IUJ38_RS09730,,-96,TTAAAA,-0.2967,1,1,1,1,1
IUJ38_RS09745,argP,-46,ATTTAT,-0.0913,1,1,1,1,1
IUJ38_RS09780,,-41,ATATTA,-0.0768,1,1,1,1,1
IUJ38_RS09785,,-42,ATATTT,-0.0583,1,1,1,1,1
IUJ38_RS09790,,-29,ATTTTC,-0.084,1,1,1,1,1
IUJ38_RS09795,,-28,TAATAC,-0.5076,1,1,1,1,1
IUJ38_RS09800,,-64,ATTTTC,-0.084,1,1,1,1,1
IUJ38_RS09810,,-28,ATAATA,-0.1271,1,1,1,1,1
IUJ38_RS24145,,-50,ATATTC,-0.1423,1,1,1,1,1
IUJ38_RS09875,metK,-7,ATTAAA,-0.16,1,1,1,1,1
IUJ38_RS09880,galP,-63,TTTTTA,-0.0969,1,1,1,1,1
IUJ38_RS09885,,-43,TTTTTC,-0.1624,1,1,1,1,1
IUJ38_RS09890,endA,-19,TTTTGC,-0.8525,1,1,1,1,1
IUJ38_RS09895,rsmE,-11,ATTTTT,0.0,1,1,1,1,1
IUJ38_RS09900,gshB,-6,AAAATA,-0.3226,1,1,1,1,1
IUJ38_RS09905,,-32,TTTTTT,-0.0784,1,1,1,1,1
IUJ38_RS09910,ruvX,-100,ATATTT,-0.0583,1,1,1,1,1
IUJ38_RS09925,,-25,ATATTC,-0.1423,1,1,1,1,1
IUJ38_RS09930,,-25,AAATTA,-0.2724,1,1,1,1,1
IUJ38_RS09935,yggU,-70,TTAATA,-0.2055,1,1,1,1,1
IUJ38_RS09940,,-58,ATTATT,-0.0503,1,1,1,1,1
IUJ38_RS09945,hemW,-60,AAAAAA,-0.4139,1,1,1,1,1
IUJ38_RS09975,mutY,-18,AATAAT,-0.3371,1,1,1,1,1
IUJ38_RS09980,,-32,TTTAAC,-0.304,1,1,1,1,1
IUJ38_RS09985,mltC,-88,TTATTC,-0.2208,1,1,1,1,1
IUJ38_RS09990,,-41,TTTTAA,-0.1882,1,1,1,1,1
IUJ38_RS10000,,-39,ATAATA,-0.1271,1,1,1,1,1
IUJ38_RS10030,ripR,-41,ATATAT,-0.1496,1,1,1,1,1
IUJ38_RS10045,,-45,ATTTTA,-0.0185,1,1,1,1,1
IUJ38_RS10070,,-66,ATATTC,-0.1423,1,1,1,1,1
IUJ38_RS10100,uxuA,-96,AATTTA,-0.2141,1,1,1,1,1
IUJ38_RS10105,,-79,ATTTCC,-0.4618,1,1,1,1,1
IUJ38_RS10110,uxaC,-7,ATAAAT,-0.1998,1,1,1,1,1
IUJ38_RS10125,yghU,-93,AAATTT,-0.2539,1,1,1,1,1
IUJ38_RS10200,,-93,ATTTTT,0.0,1,1,1,1,1
IUJ38_RS10205,,-23,ATTTTA,-0.0185,1,1,1,1,1
IUJ38_RS10210,,-33,TTAAAG,-0.5745,1,1,1,1,1
IUJ38_RS10225,metC,-90,ATTTTC,-0.084,1,1,1,1,1
IUJ38_RS10230,yghB,-26,ATAAAT,-0.1998,1,1,1,1,1
IUJ38_RS10240,yqhD,-26,TTTTTA,-0.0969,1,1,1,1,1
IUJ38_RS10245,dkgA,-19,ATTAAA,-0.16,1,1,1,1,1
IUJ38_RS10250,,-50,ATTATT,-0.0503,1,1,1,1,1
IUJ38_RS10255,,-49,ATTAAA,-0.16,1,1,1,1,1
IUJ38_RS10270,,-51,ATTAAT,-0.1415,1,1,1,1,1
IUJ38_RS10275,,-44,TAAATC,-0.4666,1,1,1,1,1
IUJ38_RS10280,,-39,ATAATT,-0.1086,1,1,1,1,1
IUJ38_RS10310,qseB,-71,TTTTTT,-0.0784,1,1,1,1,1
IUJ38_RS10315,qseC,-45,ATTTAT,-0.0913,1,1,1,1,1
IUJ38_RS10320,,-62,AATTTC,-0.2796,1,1,1,1,1
IUJ38_RS10325,,-43,ATTTTT,0.0,1,1,1,1,1
IUJ38_RS10355,tolC,-45,ATTTTT,0.0,1,1,1,1,1
IUJ38_RS10360,,-28,ATTTAC,-0.1753,1,1,1,1,1
IUJ38_RS10365,,-84,TTTTGG,-1.0647,0,1,1,1,1
IUJ38_RS10375,zupT,-47,TTATTT,-0.1367,1,1,1,1,1
IUJ38_RS10385,,-6,ATTAAT,-0.1415,1,1,1,1,1
IUJ38_RS10390,dsbI,-21,AAAATA,-0.3226,1,1,1,1,1
IUJ38_RS10400,ubiK,-63,TTTATG,-0.4249,1,1,1,1,1
IUJ38_RS10410,,-47,ATTATC,-0.1343,1,1,1,1,1
IUJ38_RS10415,,-100,ATTTAA,-0.1097,1,1,1,1,1
IUJ38_RS10420,,-17,TTAATA,-0.2055,1,1,1,1,1
IUJ38_RS10440,,-15,AATAAC,-0.4211,1,1,1,1,1
IUJ38_RS10445,,-19,TTTTTA,-0.0969,1,1,1,1,1
IUJ38_RS10460,plsY,-51,ATTATC,-0.1343,1,1,1,1,1
IUJ38_RS10480,rpsU,-22,ATTAAT,-0.1415,1,1,1,1,1
IUJ38_RS10485,dnaG,-13,ATAAAA,-0.2183,1,1,1,1,1
IUJ38_RS10490,rpoD,-79,ATATAA,-0.1681,1,1,1,1,1
IUJ38_RS10510,,-81,ATTATA,-0.0687,1,1,1,1,1
IUJ38_RS10525,ygjG,-84,ATTTTC,-0.084,1,1,1,1,1
IUJ38_RS10530,,-22,ATTTTA,-0.0185,1,1,1,1,1
IUJ38_RS10540,,-25,TTTTTA,-0.0969,1,1,1,1,1
IUJ38_RS10545,,-37,ATTTTT,0.0,1,1,1,1,1
IUJ38_RS10550,,-30,AAAATC,-0.3882,1,1,1,1,1
IUJ38_RS10555,,-27,TTTTTT,-0.0784,1,1,1,1,1
IUJ38_RS10560,sstT,-95,TTATAC,-0.312,1,1,1,1,1
IUJ38_RS10565,yqjA,-79,ATAAAA,-0.2183,1,1,1,1,1
IUJ38_RS10570,mzrA,-66,TTTTTT,-0.0784,1,1,1,1,1
IUJ38_RS10575,,-55,ATTATC,-0.1343,1,1,1,1,1
IUJ38_RS10580,,-41,ATTAAC,-0.2255,1,1,1,1,1
IUJ38_RS10585,,-6,TTAATT,-0.187,1,1,1,1,1
IUJ38_RS10590,,-22,AAATTC,-0.3379,1,1,1,1,1
IUJ38_RS10595,,-41,AAAATA,-0.3226,1,1,1,1,1
IUJ38_RS10600,,-53,ATTAAA,-0.16,1,1,1,1,1
IUJ38_RS10605,,-15,ATTATT,-0.0503,1,1,1,1,1
IUJ38_RS10615,,-9,TTAATA,-0.2055,1,1,1,1,1
IUJ38_RS10620,,-37,ATTTAC,-0.1753,1,1,1,1,1
IUJ38_RS10685,garD,-70,ATTTAA,-0.1097,1,1,1,1,1
IUJ38_RS10700,,-47,ATTTTT,0.0,1,1,1,1,1
IUJ38_RS10705,pfkB,-45,TAATTC,-0.4163,1,1,1,1,1
IUJ38_RS10710,,-15,ATATAA,-0.1681,1,1,1,1,1
IUJ38_RS10715,,-45,AAAATT,-0.3042,1,1,1,1,1
IUJ38_RS10720,gatZ,-86,ATTTAT,-0.0913,1,1,1,1,1
IUJ38_RS10725,gatA,-80,ATTATT,-0.0503,1,1,1,1,1
IUJ38_RS10730,gatB,-31,ATAATA,-0.1271,1,1,1,1,1
IUJ38_RS10735,,-92,ATATTC,-0.1423,1,1,1,1,1
IUJ38_RS10740,gatD,-44,ATTTTA,-0.0185,1,1,1,1,1
IUJ38_RS10745,,-18,ATTATC,-0.1343,1,1,1,1,1
IUJ38_RS10755,,-44,ATTTAA,-0.1097,1,1,1,1,1
IUJ38_RS10760,,-42,ATTAAC,-0.2255,1,1,1,1,1
IUJ38_RS10765,diaA,-15,ATTTTA,-0.0185,1,1,1,1,1
IUJ38_RS10770,dolP,-32,TTTTTC,-0.1624,1,1,1,1,1
IUJ38_RS10780,yhbO,-76,TTAATA,-0.2055,1,1,1,1,1
IUJ38_RS10790,,-36,TTTATT,-0.1287,1,1,1,1,1
IUJ38_RS10805,ubiU,-36,AATTTT,-0.1956,1,1,1,1,1
IUJ38_RS10810,,-30,ATATCA,-0.4546,1,1,1,1,1
IUJ38_RS10815,,-34,ATTAAA,-0.16,1,1,1,1,1
IUJ38_RS10825,,-76,TTTATA,-0.1472,1,1,1,1,1
IUJ38_RS10890,argG,-73,ATTTAT,-0.0913,1,1,1,1,1
IUJ38_RS10930,yhbY,-61,ATATAA,-0.1681,1,1,1,1,1
IUJ38_RS10940,dacB,-94,ATTTTA,-0.0185,1,1,1,1,1
IUJ38_RS10965,ispB,-74,ATATTT,-0.0583,1,1,1,1,1
IUJ38_RS10970,sfsB,-91,TTTTTA,-0.0969,1,1,1,1,1
IUJ38_RS11010,,-95,TTTTTA,-0.0969,1,1,1,1,1
IUJ38_RS11015,kdsD,-67,TTTATC,-0.2127,1,1,1,1,1
IUJ38_RS11020,kdsC,-10,ATAATT,-0.1086,1,1,1,1,1
IUJ38_RS11025,lptC,-52,ATTTGC,-0.774,1,1,1,1,1
IUJ38_RS11030,lptA,-80,ATTTAA,-0.1097,1,1,1,1,1
IUJ38_RS11035,lptB,-9,TAATTC,-0.4163,1,1,1,1,1
IUJ38_RS11040,rpoN,-76,TATATC,-0.4083,1,1,1,1,1
IUJ38_RS11045,hpf,-65,TTTATC,-0.2127,1,1,1,1,1
IUJ38_RS11050,ptsN,-64,ATTTGT,-0.69,1,1,1,1,1
IUJ38_RS11055,rapZ,-33,ATTTAT,-0.0913,1,1,1,1,1
IUJ38_RS11060,npr,-86,TATATT,-0.3243,1,1,1,1,1
IUJ38_RS11065,yrbL,-18,ATTTTT,0.0,1,1,1,1,1
IUJ38_RS11090,gltB,-91,ATGATG,-11.19,0,0,0,0,0
IUJ38_RS11095,gltD,-7,AATTGA,-0.9041,1,1,1,1,1
IUJ38_RS11100,,-34,AATTTC,-0.2796,1,1,1,1,1
IUJ38_RS11105,codB,-29,ATTTTT,0.0,1,1,1,1,1
IUJ38_RS11110,,-58,TATATC,-0.4083,1,1,1,1,1
IUJ38_RS11175,zapG,-68,ATAATC,-0.1926,1,1,1,1,1
IUJ38_RS11180,degQ,-88,ATTATC,-0.1343,1,1,1,1,1
IUJ38_RS11185,degS,-21,TTTTTT,-0.0784,1,1,1,1,1
IUJ38_RS11240,argR,-93,ATTATT,-0.0503,1,1,1,1,1
IUJ38_RS11245,yhcN,-92,ATTAAT,-0.1415,1,1,1,1,1
IUJ38_RS11250,yhcN-B,-40,ATTAAT,-0.1415,1,1,1,1,1
IUJ38_RS11275,aaeR,-69,ATATTA,-0.0768,1,1,1,1,1
IUJ38_RS11320,,-36,ATTTTT,0.0,1,1,1,1,1
IUJ38_RS11325,msrP,-74,ATTTTT,0.0,1,1,1,1,1
IUJ38_RS11330,msrQ,-8,ATTTTT,0.0,1,1,1,1,1
IUJ38_RS11335,accB,-90,ATTTTA,-0.0185,1,1,1,1,1
IUJ38_RS11340,accC,-42,AATTTG,-0.4918,1,1,1,1,1
IUJ38_RS11345,,-72,TTTTTT,-0.0784,1,1,1,1,1
IUJ38_RS11350,panF,-21,ATATTT,-0.0583,1,1,1,1,1
IUJ38_RS11355,prmA,-87,TTTATT,-0.1287,1,1,1,1,1
IUJ38_RS11360,dusB,-43,ATATAC,-0.2336,1,1,1,1,1
IUJ38_RS11365,fis,-37,AATTTT,-0.1956,1,1,1,1,1
IUJ38_RS11370,yhdJ,-30,TTTTTT,-0.0784,1,1,1,1,1
IUJ38_RS11375,,-42,ATATTC,-0.1423,1,1,1,1,1
IUJ38_RS11380,,-82,ATTAAA,-0.16,1,1,1,1,1
IUJ38_RS11390,,-69,ATTTTT,0.0,1,1,1,1,1
IUJ38_RS11395,,-16,AATAAG,-0.6334,1,1,1,1,1
IUJ38_RS11400,,-99,ATTTTT,0.0,1,1,1,1,1
IUJ38_RS11440,,-82,ATTTTT,0.0,1,1,1,1,1
IUJ38_RS11475,def,-6,ATAATT,-0.1086,1,1,1,1,1
IUJ38_RS11480,fmt,-92,ATTATT,-0.0503,1,1,1,1,1
IUJ38_RS11485,rsmB,-17,ATTTTT,0.0,1,1,1,1,1
IUJ38_RS11490,trkA,-48,TTTTAC,-0.2537,1,1,1,1,1
IUJ38_RS11495,mscL,-86,ATTTAT,-0.0913,1,1,1,1,1
IUJ38_RS11655,hopD,-44,ATAAAT,-0.1998,1,1,1,1,1
IUJ38_RS11715,,-94,TTTAAA,-0.2384,1,1,1,1,1
IUJ38_RS11740,,-52,ATATTA,-0.0768,1,1,1,1,1
IUJ38_RS11745,,-42,AATTAC,-0.3709,1,1,1,1,1
IUJ38_RS11755,,-62,ATTTTA,-0.0185,1,1,1,1,1
IUJ38_RS11760,,-87,ATTTAT,-0.0913,1,1,1,1,1
IUJ38_RS11765,,-31,ATTATT,-0.0503,1,1,1,1,1
IUJ38_RS11775,crp,-70,ATTTTT,0.0,1,1,1,1,1
IUJ38_RS11780,,-16,ATTTTT,0.0,1,1,1,1,1
IUJ38_RS11810,tsgA,-84,ATTATT,-0.0503,1,1,1,1,1
IUJ38_RS11815,nirB,-86,ATATAA,-0.1681,1,1,1,1,1
IUJ38_RS11820,nirD,-7,AAAACG,-0.9782,1,1,1,1,1
IUJ38_RS11825,nirC,-98,ATTAAT,-0.1415,1,1,1,1,1
IUJ38_RS11830,cysG,-19,ATAATT,-0.1086,1,1,1,1,1
IUJ38_RS11835,bigA,-79,ATTTTT,0.0,1,1,1,1,1
IUJ38_RS11845,,-47,ATATTT,-0.0583,1,1,1,1,1
IUJ38_RS11910,mrcA,-60,TTTATA,-0.1472,1,1,1,1,1
IUJ38_RS11920,igaA,-57,TTTATT,-0.1287,1,1,1,1,1
IUJ38_RS11925,yrfG,-78,AAAATC,-0.3882,1,1,1,1,1
IUJ38_RS11930,hslR,-67,TATACG,-0.9983,1,1,1,1,1
IUJ38_RS11935,hslO,-49,ATTTAA,-0.1097,1,1,1,1,1
IUJ38_RS11945,pckA,-36,ATTTTC,-0.084,1,1,1,1,1
IUJ38_RS11960,greB,-73,ATTATT,-0.0503,1,1,1,1,1
IUJ38_RS11965,,-62,ATTTTT,0.0,1,1,1,1,1
IUJ38_RS11970,feoA,-99,ATTTAC,-0.1753,1,1,1,1,1
IUJ38_RS11975,feoB,-48,TTAATA,-0.2055,1,1,1,1,1
IUJ38_RS11980,feoC,-60,AAAAAC,-0.4794,1,1,1,1,1
IUJ38_RS11985,,-72,TAATCC,-0.7941,1,1,1,1,1
IUJ38_RS11995,gntX,-77,AATTTC,-0.2796,1,1,1,1,1
IUJ38_RS12000,nfuA,-40,ATTATA,-0.0687,1,1,1,1,1
IUJ38_RS12005,gntT,-6,TAAATC,-0.4666,1,1,1,1,1
IUJ38_RS12020,malT,-62,ATTAAT,-0.1415,1,1,1,1,1
IUJ38_RS12055,rtcR,-95,ATTTAT,-0.0913,1,1,1,1,1
IUJ38_RS12075,glpD,-35,ATTTTT,0.0,1,1,1,1,1
IUJ38_RS12095,,-23,ATTTTT,0.0,1,1,1,1,1
IUJ38_RS12100,ilvD,-22,TTAAAC,-0.3623,1,1,1,1,1
IUJ38_RS12105,,-47,ATAATA,-0.1271,1,1,1,1,1
IUJ38_RS12145,,-29,ATTAAT,-0.1415,1,1,1,1,1
IUJ38_RS12175,yhhY,-53,ATTTTC,-0.084,1,1,1,1,1
IUJ38_RS12180,,-95,ATTTTT,0.0,1,1,1,1,1
IUJ38_RS12185,,-44,ATTACA,-0.4465,1,1,1,1,1
IUJ38_RS12190,,-24,TTTATA,-0.1472,1,1,1,1,1
IUJ38_RS12195,,-29,AAAATG,-0.6004,1,1,1,1,1
IUJ38_RS12205,,-89,TTTAAT,-0.22,1,1,1,1,1
IUJ38_RS12270,panM,-96,ATTAAT,-0.1415,1,1,1,1,1
IUJ38_RS12275,,-99,ATAATC,-0.1926,1,1,1,1,1
IUJ38_RS12305,rsmD,-54,TTAATT,-0.187,1,1,1,1,1
IUJ38_RS12310,,-6,AAAATG,-0.6004,1,1,1,1,1
IUJ38_RS12320,,-56,ATAATA,-0.1271,1,1,1,1,1
IUJ38_RS12325,zntA,-80,ATAATA,-0.1271,1,1,1,1,1
IUJ38_RS12330,tcp,-57,ATTTTT,0.0,1,1,1,1,1
IUJ38_RS12340,,-42,TTTATT,-0.1287,1,1,1,1,1
IUJ38_RS12345,,-21,TTTATC,-0.2127,1,1,1,1,1
IUJ38_RS12355,,-57,ATTATC,-0.1343,1,1,1,1,1
IUJ38_RS12360,acpT,-64,TTTACC,-0.5905,1,1,1,1,1
